ros_time_s,Lecturas_ValidasRojo
1762170792.6713,0.0000
1762170792.9531,0.0000
1762170793.2102,0.0000
1762170793.4648,0.0000
1762170793.6702,0.0000
1762170793.8945,0.0000
1762170794.1046,0.0000
1762170794.2787,0.0000
1762170794.4843,0.0000
1762170794.6566,0.0000
1762170794.8380,0.0000
1762170795.0181,0.0000
1762170795.1965,0.0000
1762170795.3727,0.0000
1762170795.5521,0.0000
1762170795.7061,0.0000
1762170795.8852,0.0000
1762170796.0659,0.0000
1762170796.2267,0.0000
1762170796.4065,0.0000
1762170796.5597,0.0000
1762170796.7396,0.0000
1762170796.9005,0.0000
1762170797.0772,0.0000
1762170797.2350,0.0000
1762170797.4036,0.0000
1762170797.5815,0.0000
1762170797.7368,0.0000
1762170797.9154,0.0000
1762170798.0600,0.0000
1762170798.2407,0.0000
1762170798.3914,0.0000
1762170798.5631,0.0000
1762170798.7515,0.0000
1762170798.9066,0.0000
1762170799.0860,0.0000
1762170799.2405,0.0000
1762170799.4108,0.0000
1762170799.5643,0.0000
1762170799.7477,0.0000
1762170799.9158,0.0000
1762170800.0709,0.0000
1762170800.2427,0.0000
1762170800.4208,0.0000
1762170800.5751,0.0000
1762170800.7358,0.0000
1762170800.9098,0.0000
1762170801.0764,0.0000
1762170801.2524,0.0000
1762170801.4065,0.0000
1762170801.5760,0.0000
1762170801.7525,0.0000
1762170801.9083,1.0000
1762170802.0639,0.0000
1762170802.2468,0.0000
1762170802.4011,1.0000
1762170802.5623,1.0000
1762170802.7409,0.0000
1762170802.9033,3.0000
1762170803.0555,2.0000
1762170803.2222,4.0000
1762170803.4008,4.0000
1762170803.5566,3.0000
1762170803.7357,3.0000
1762170803.8907,2.0000
1762170804.0438,4.0000
1762170804.2103,3.0000
1762170804.3801,4.0000
1762170804.5576,3.0000
1762170804.7128,4.0000
1762170804.8740,4.0000
1762170805.0504,5.0000
1762170805.2061,4.0000
1762170805.3857,4.0000
1762170805.5394,4.0000
1762170805.7186,4.0000
1762170805.8722,5.0000
1762170806.0495,4.0000
1762170806.2014,4.0000
1762170806.3686,4.0000
1762170806.5458,4.0000
1762170806.6971,3.0000
1762170806.8781,4.0000
1762170807.0332,3.0000
1762170807.1862,5.0000
1762170807.3698,4.0000
1762170807.5235,3.0000
1762170807.7015,3.0000
1762170807.8551,2.0000
1762170808.0348,2.0000
1762170808.1904,1.0000
1762170808.3443,2.0000
1762170808.5243,2.0000
1762170808.6777,2.0000
1762170808.8558,1.0000
1762170809.0113,2.0000
1762170809.1885,1.0000
1762170809.3425,1.0000
1762170809.5210,0.0000
1762170809.6676,1.0000
1762170809.8441,0.0000
1762170809.9985,0.0000
1762170810.1678,0.0000
1762170810.3475,0.0000
1762170810.5133,0.0000
1762170810.6604,0.0000
1762170810.8258,0.0000
1762170810.9982,0.0000
1762170811.1517,0.0000
1762170811.3396,0.0000
1762170811.4925,0.0000
1762170811.6497,0.0000
1762170811.8308,0.0000
1762170811.9835,0.0000
1762170812.1513,0.0000
1762170812.3309,0.0000
1762170812.4862,0.0000
1762170812.6406,0.0000
1762170812.8056,0.0000
1762170812.9758,0.0000
1762170813.1434,0.0000
1762170813.3183,0.0000
1762170813.4693,0.0000
1762170813.6242,0.0000
1762170813.8074,0.0000
1762170813.9618,0.0000
1762170814.1204,0.0000
1762170814.2843,0.0000
1762170814.4615,0.0000
1762170814.6170,0.0000
1762170814.7786,0.0000
1762170814.9462,0.0000
1762170815.1275,0.0000
1762170815.2834,0.0000
1762170815.4431,0.0000
1762170815.6287,0.0000
1762170815.7768,0.0000
1762170815.9441,0.0000
1762170816.1182,0.0000
1762170816.2624,0.0000
1762170816.4392,0.0000
1762170816.6079,0.0000
1762170816.7777,0.0000
1762170816.9320,0.0000
1762170817.0894,0.0000
1762170817.2675,0.0000
1762170817.4275,0.0000
1762170817.6045,0.0000
1762170817.7593,0.0000
1762170817.9153,0.0000
1762170818.0856,0.0000
1762170818.2418,0.0000
1762170818.4217,0.0000
1762170818.5760,0.0000
1762170818.7404,0.0000
1762170818.9121,0.0000
1762170819.0817,0.0000
1762170819.2372,0.0000
1762170819.4152,0.0000
1762170819.5669,0.0000
1762170819.7431,0.0000
1762170819.9062,0.0000
1762170820.0629,0.0000
1762170820.2405,0.0000
1762170820.3970,0.0000
1762170820.5735,0.0000
1762170820.7278,0.0000
1762170820.8868,0.0000
1762170821.0594,0.0000
1762170821.2204,0.0000
1762170821.3933,0.0000
1762170821.5486,0.0000
1762170821.7197,0.0000
1762170821.8741,0.0000
1762170822.0515,0.0000
1762170822.2046,0.0000
1762170822.3836,0.0000
1762170822.5385,0.0000
1762170822.7185,0.0000
1762170822.8716,0.0000
1762170823.0264,0.0000
1762170823.2032,0.0000
1762170823.3570,0.0000
1762170823.5371,0.0000
1762170823.6895,0.0000
1762170823.8696,0.0000
1762170824.0286,0.0000
1762170824.1842,0.0000
1762170824.3412,0.0000
1762170824.5197,0.0000
1762170824.6809,0.0000
1762170824.8578,0.0000
1762170825.0123,0.0000
1762170825.1747,0.0000
1762170825.3446,0.0000
1762170825.4991,0.0000
1762170825.6568,0.0000
1762170825.8370,0.0000
1762170825.9974,0.0000
1762170826.1774,0.0000
1762170826.3264,0.0000
1762170826.4885,0.0000
1762170826.6489,0.0000
1762170826.8120,0.0000
1762170826.9904,0.0000
1762170827.1467,0.0000
1762170827.3130,0.0000
1762170827.4876,0.0000
1762170827.6407,0.0000
1762170827.8136,0.0000
1762170827.9763,0.0000
1762170828.1318,0.0000
1762170828.2984,0.0000
1762170828.4767,0.0000
1762170828.6363,0.0000
1762170828.7950,0.0000
1762170828.9729,0.0000
1762170829.1267,0.0000
1762170829.2847,0.0000
1762170829.4497,0.0000
1762170829.6154,0.0000
1762170829.7962,0.0000
1762170829.9422,0.0000
1762170830.1237,0.0000
1762170830.2904,0.0000
1762170830.4463,0.0000
1762170830.6178,0.0000
1762170830.7825,0.0000
1762170830.9391,0.0000
1762170831.1133,0.0000
1762170831.2664,0.0000
1762170831.4260,0.0000
1762170831.5930,0.0000
1762170831.7727,0.0000
1762170831.9339,0.0000
1762170832.0871,0.0000
1762170832.2597,0.0000
1762170832.4238,0.0000
1762170832.5836,0.0000
1762170832.7585,1.0000
1762170832.9226,1.0000
1762170833.0807,1.0000
1762170833.2495,1.0000
1762170833.4030,1.0000
1762170833.5782,2.0000
1762170833.7435,2.0000
1762170833.9021,2.0000
1762170834.0634,3.0000
1762170834.2386,3.0000
1762170834.3924,3.0000
1762170834.5627,4.0000
1762170834.7334,3.0000
1762170834.8859,3.0000
1762170835.0438,4.0000
1762170835.2204,3.0000
1762170835.3853,3.0000
1762170835.5521,3.0000
1762170835.7191,3.0000
1762170835.8668,3.0000
1762170836.0433,4.0000
1762170836.2072,2.0000
1762170836.3796,4.0000
1762170836.5332,3.0000
1762170836.7061,3.0000
1762170836.8532,4.0000
1762170837.0297,3.0000
1762170837.1797,3.0000
1762170837.3498,4.0000
1762170837.5244,3.0000
1762170837.6833,5.0000
1762170837.8519,5.0000
1762170838.0056,4.0000
1762170838.1710,5.0000
1762170838.3373,4.0000
1762170838.5039,3.0000
1762170838.6768,3.0000
1762170838.8414,3.0000
1762170838.9965,2.0000
1762170839.1755,3.0000
1762170839.3235,2.0000
1762170839.4883,2.0000
1762170839.6674,2.0000
1762170839.8139,2.0000
1762170839.9972,2.0000
1762170840.1531,1.0000
1762170840.3054,1.0000
1762170840.4868,1.0000
1762170840.6388,1.0000
1762170840.8099,0.0000
1762170840.9771,0.0000
1762170841.1329,0.0000
1762170841.3103,0.0000
1762170841.4745,0.0000
1762170841.6175,0.0000
1762170841.7796,0.0000
1762170841.9514,0.0000
1762170842.1117,0.0000
1762170842.2898,0.0000
1762170842.4447,0.0000
1762170842.6251,0.0000
1762170842.7763,0.0000
1762170842.9507,0.0000
1762170843.1021,0.0000
1762170843.2722,0.0000
1762170843.4518,0.0000
1762170843.6171,0.0000
1762170843.7817,0.0000
1762170843.9451,0.0000
1762170844.1001,0.0000
1762170844.2620,0.0000
1762170844.4378,0.0000
1762170844.5896,0.0000
1762170844.7688,0.0000
1762170844.9320,0.0000
1762170845.0838,0.0000
1762170845.2542,0.0000
1762170845.4130,0.0000
1762170845.5910,0.0000
1762170845.7355,0.0000
1762170845.9148,0.0000
1762170846.0769,0.0000
1762170846.2397,0.0000
1762170846.3954,0.0000
1762170846.5688,0.0000
1762170846.7299,0.0000
1762170846.8847,0.0000
1762170847.0647,0.0000
1762170847.2179,0.0000
1762170847.3778,0.0000
1762170847.5351,0.0000
1762170847.7059,0.0000
1762170847.8599,0.0000
1762170848.0331,0.0000
1762170848.1925,0.0000
1762170848.3527,0.0000
1762170848.5206,0.0000
1762170848.6945,0.0000
1762170848.8539,0.0000
1762170849.0282,0.0000
1762170849.1808,0.0000
1762170849.3359,0.0000
1762170849.4997,0.0000
1762170849.6776,0.0000
1762170849.8285,0.0000
1762170850.0011,0.0000
1762170850.1606,0.0000
1762170850.3290,0.0000
1762170850.5012,0.0000
1762170850.6559,0.0000
1762170850.8113,0.0000
1762170850.9778,0.0000
1762170851.1467,0.0000
1762170851.3141,0.0000
1762170851.4679,0.0000
1762170851.6454,0.0000
1762170851.8041,0.0000
1762170851.9635,0.0000
1762170852.1251,0.0000
1762170852.3026,0.0000
1762170852.4573,0.0000
1762170852.6116,0.0000
1762170852.7906,0.0000
1762170852.9475,0.0000
1762170853.1033,0.0000
1762170853.2714,0.0000
1762170853.4426,0.0000
1762170853.6108,0.0000
1762170853.7641,0.0000
1762170853.9266,0.0000
1762170854.1044,0.0000
1762170854.2577,0.0000
1762170854.4207,0.0000
1762170854.5975,0.0000
1762170854.7538,0.0000
1762170854.9126,0.0000
1762170855.0898,0.0000
1762170855.2336,0.0000
1762170855.3937,0.0000
1762170855.5729,0.0000
1762170855.7277,0.0000
1762170855.9058,0.0000
1762170856.0703,0.0000
1762170856.2242,0.0000
1762170856.3809,0.0000
1762170856.5397,0.0000
1762170856.7153,0.0000
1762170856.8690,0.0000
1762170857.0495,0.0000
1762170857.2086,0.0000
1762170857.3629,0.0000
1762170857.5422,0.0000
1762170857.6941,0.0000
1762170857.8545,0.0000
1762170858.0306,0.0000
1762170858.1863,0.0000
1762170858.3474,0.0000
1762170858.5190,0.0000
1762170858.6929,0.0000
1762170858.8479,0.0000
1762170859.0173,0.0000
1762170859.1709,0.0000
1762170859.3408,0.0000
1762170859.5007,0.0000
1762170859.6627,0.0000
1762170859.8325,0.0000
1762170859.9860,0.0000
1762170860.1535,0.0000
1762170860.3141,0.0000
1762170860.4806,0.0000
1762170860.6511,0.0000
1762170860.8045,0.0000
1762170860.9830,0.0000
1762170861.1372,0.0000
1762170861.3036,0.0000
1762170861.4616,0.0000
1762170861.6262,0.0000
1762170861.7940,0.0000
1762170861.9500,0.0000
1762170862.1166,0.0000
1762170862.2761,0.0000
1762170862.4449,0.0000
1762170862.6119,0.0000
1762170862.7681,0.0000
1762170862.9413,0.0000
1762170863.0940,0.0000
1762170863.2709,0.0000
1762170863.4278,0.0000
1762170863.5884,0.0000
1762170863.7519,0.0000
1762170863.9070,0.0000
1762170864.0844,0.0000
1762170864.2400,0.0000
1762170864.3925,0.0000
1762170864.5724,0.0000
1762170864.7313,0.0000
1762170864.9050,0.0000
1762170865.0687,0.0000
1762170865.2217,0.0000
1762170865.3954,0.0000
1762170865.5597,0.0000
1762170865.7240,0.0000
1762170865.8732,0.0000
1762170866.0375,0.0000
1762170866.1967,0.0000
1762170866.3713,0.0000
1762170866.5362,0.0000
1762170866.6853,1.0000
1762170866.8561,1.0000
1762170867.0160,1.0000
1762170867.1821,1.0000
1762170867.3636,2.0000
1762170867.5114,1.0000
1762170867.6794,3.0000
1762170867.8428,3.0000
1762170868.0192,3.0000
1762170868.1666,3.0000
1762170868.3471,4.0000
1762170868.4996,4.0000
1762170868.6767,3.0000
1762170868.8325,4.0000
1762170868.9976,4.0000
1762170869.1700,5.0000
1762170869.3385,3.0000
1762170869.4920,3.0000
1762170869.6694,3.0000
1762170869.8130,3.0000
1762170869.9797,3.0000
1762170870.1649,4.0000
1762170870.3192,4.0000
1762170870.4716,3.0000
1762170870.6404,4.0000
1762170870.8147,3.0000
1762170870.9689,2.0000
1762170871.1534,3.0000
1762170871.3079,4.0000
1762170871.4643,3.0000
1762170871.6432,2.0000
1762170871.7915,4.0000
1762170871.9687,4.0000
1762170872.1415,4.0000
1762170872.3022,4.0000
1762170872.4552,4.0000
1762170872.6342,4.0000
1762170872.7953,5.0000
1762170872.9517,4.0000
1762170873.1307,5.0000
1762170873.2832,4.0000
1762170873.4398,5.0000
1762170873.6180,5.0000
1762170873.7737,5.0000
1762170873.9539,5.0000
1762170874.1073,4.0000
1762170874.2618,4.0000
1762170874.4414,5.0000
1762170874.5947,4.0000
1762170874.7771,4.0000
1762170874.9299,4.0000
1762170875.0836,4.0000
1762170875.2703,4.0000
1762170875.4240,3.0000
1762170875.5777,3.0000
1762170875.7466,3.0000
1762170875.9045,2.0000
1762170876.0827,2.0000
1762170876.2537,1.0000
1762170876.4095,0.0000
1762170876.5788,0.0000
1762170876.7452,0.0000
1762170876.9942,0.0000
1762170877.1488,0.0000
1762170877.3264,0.0000
1762170877.4657,0.0000
1762170877.6466,0.0000
1762170877.7996,0.0000
1762170877.9842,0.0000
1762170878.1375,0.0000
1762170878.3110,0.0000
1762170878.4655,0.0000
1762170878.6365,0.0000
1762170878.8040,0.0000
1762170878.9575,0.0000
1762170879.1323,0.0000
1762170879.2962,0.0000
1762170879.4403,0.0000
1762170879.6272,0.0000
1762170879.7799,0.0000
1762170879.9537,0.0000
1762170880.1015,0.0000
1762170880.2807,0.0000
1762170880.4314,0.0000
1762170880.5885,0.0000
1762170880.7740,0.0000
1762170880.9280,0.0000
1762170881.0804,0.0000
1762170881.2622,0.0000
1762170881.4140,0.0000
1762170881.5826,0.0000
1762170881.7633,0.0000
1762170881.9264,0.0000
1762170882.0693,0.0000
1762170882.2527,0.0000
1762170882.4047,0.0000
1762170882.5841,0.0000
1762170882.7475,0.0000
1762170882.8994,0.0000
1762170883.0758,0.0000
1762170883.2313,0.0000
1762170883.3849,0.0000
1762170883.5633,0.0000
1762170883.7186,0.0000
1762170883.8980,0.0000
1762170884.0520,0.0000
1762170884.2224,0.0000
1762170884.3888,0.0000
1762170884.5436,0.0000
1762170884.7196,0.0000
1762170884.8745,0.0000
1762170885.0429,0.0000
1762170885.1954,0.0000
1762170885.3688,0.0000
1762170885.5251,0.0000
1762170885.6929,0.0000
1762170885.8521,0.0000
1762170886.0159,0.0000
1762170886.1831,0.0000
1762170886.3513,0.0000
1762170886.5080,0.0000
1762170886.6650,0.0000
1762170886.8448,0.0000
1762170887.0147,0.0000
1762170887.1684,0.0000
1762170887.3249,0.0000
1762170887.5062,0.0000
1762170887.6698,0.0000
1762170887.8233,0.0000
1762170888.0024,0.0000
1762170888.1481,0.0000
1762170888.3261,0.0000
1762170888.4845,0.0000
1762170888.6396,0.0000
1762170888.8156,0.0000
1762170888.9703,0.0000
1762170889.1472,0.0000
1762170889.3133,0.0000
1762170889.4683,0.0000
1762170889.6393,0.0000
1762170889.7908,0.0000
1762170889.9557,0.0000
1762170890.1372,0.0000
1762170890.2893,0.0000
1762170890.4660,0.0000
1762170890.6211,0.0000
1762170890.7771,0.0000
1762170890.9477,0.0000
1762170891.1146,1.0000
1762170891.2779,0.0000
1762170891.4348,1.0000
1762170891.6085,1.0000
1762170891.7631,0.0000
1762170891.9385,0.0000
1762170892.0991,1.0000
1762170892.2652,2.0000
1762170892.4211,2.0000
1762170892.6019,2.0000
1762170892.7600,2.0000
1762170892.9154,2.0000
1762170893.0987,3.0000
1762170893.2553,2.0000
1762170893.4176,3.0000
1762170893.5773,4.0000
1762170893.7530,3.0000
1762170893.9188,3.0000
1762170894.0742,4.0000
1762170894.2455,4.0000
1762170894.4052,4.0000
1762170894.5615,4.0000
1762170894.7386,4.0000
1762170894.8926,5.0000
1762170895.0471,5.0000
1762170895.2179,4.0000
1762170895.3948,4.0000
1762170895.5451,3.0000
1762170895.7265,3.0000
1762170895.8853,2.0000
1762170896.0383,1.0000
1762170896.2161,2.0000
1762170896.3643,3.0000
1762170896.5278,3.0000
1762170896.6921,4.0000
1762170896.8557,4.0000
1762170897.0232,4.0000
1762170897.1882,4.0000
1762170897.3492,4.0000
1762170897.5328,4.0000
1762170897.6758,3.0000
1762170897.8402,2.0000
1762170898.0070,2.0000
1762170898.1862,2.0000
1762170898.3406,2.0000
1762170898.4973,2.0000
1762170898.6594,1.0000
1762170898.8299,2.0000
1762170898.9973,1.0000
1762170899.1743,1.0000
1762170899.3289,1.0000
1762170899.4829,1.0000
1762170899.6561,1.0000
1762170899.8328,2.0000
1762170899.9807,2.0000
1762170900.1606,1.0000
1762170900.3169,1.0000
1762170900.4814,1.0000
1762170900.6518,1.0000
1762170900.7963,0.0000
1762170900.9645,0.0000
1762170901.1179,0.0000
1762170901.2874,0.0000
1762170901.4587,0.0000
1762170901.6288,0.0000
1762170901.7899,0.0000
1762170901.9546,0.0000
1762170902.1163,0.0000
1762170902.2817,0.0000
1762170902.4475,0.0000
1762170902.5990,0.0000
1762170902.7521,0.0000
1762170902.9104,0.0000
1762170903.0950,0.0000
1762170903.2605,0.0000
1762170903.4260,0.0000
1762170903.5813,0.0000
1762170903.7515,0.0000
1762170903.9128,0.0000
1762170904.0673,0.0000
1762170904.2399,0.0000
1762170904.4021,0.0000
1762170904.5607,0.0000
1762170904.7149,0.0000
1762170904.8932,0.0000
1762170905.0410,0.0000
1762170905.2111,0.0000
1762170905.3601,0.0000
1762170905.5398,0.0000
1762170905.7033,0.0000
1762170905.8725,0.0000
1762170906.0136,0.0000
1762170906.1938,0.0000
1762170906.3441,0.0000
1762170906.5237,0.0000
1762170906.6791,0.0000
1762170906.8467,0.0000
1762170907.0041,0.0000
1762170907.1820,0.0000
1762170907.3387,0.0000
1762170907.5076,0.0000
1762170907.6495,0.0000
1762170907.8275,0.0000
1762170907.9942,0.0000
1762170908.1553,0.0000
1762170908.3090,0.0000
1762170908.4836,0.0000
1762170908.6394,0.0000
1762170908.8143,0.0000
1762170908.9672,0.0000
1762170909.1360,0.0000
1762170909.2905,0.0000
1762170909.4670,0.0000
1762170909.6304,0.0000
1762170909.7904,0.0000
1762170909.9465,0.0000
1762170910.1181,0.0000
1762170910.2732,0.0000
1762170910.4278,0.0000
1762170910.6043,0.0000
1762170910.7594,0.0000
1762170910.9136,0.0000
1762170911.0984,0.0000
1762170911.2515,0.0000
1762170911.4301,0.0000
1762170911.5909,0.0000
1762170911.7433,0.0000
1762170911.8975,0.0000
1762170912.0712,0.0000
1762170912.2437,0.0000
1762170912.3974,0.0000
1762170912.5564,0.0000
1762170912.7359,0.0000
1762170912.8914,0.0000
1762170913.0650,0.0000
1762170913.2203,0.0000
1762170913.3755,0.0000
1762170913.5524,0.0000
1762170913.7131,0.0000
1762170913.8679,0.0000
1762170914.0472,0.0000
1762170914.2009,0.0000
1762170914.3799,0.0000
1762170914.5350,0.0000
1762170914.6894,0.0000
1762170914.8665,0.0000
1762170915.0207,0.0000
1762170915.1878,0.0000
1762170915.3423,0.0000
1762170915.5204,0.0000
1762170915.6771,0.0000
1762170915.8468,0.0000
1762170916.0009,0.0000
1762170916.1786,0.0000
1762170916.3339,0.0000
1762170916.4874,0.0000
1762170916.6629,0.0000
1762170916.8199,0.0000
1762170916.9761,0.0000
1762170917.1362,0.0000
1762170917.3142,0.0000
1762170917.4826,0.0000
1762170917.6424,0.0000
1762170917.7971,0.0000
1762170917.9694,0.0000
1762170918.1253,0.0000
1762170918.3021,0.0000
1762170918.4554,0.0000
1762170918.6086,0.0000
1762170918.7831,0.0000
1762170918.9422,0.0000
1762170919.1087,0.0000
1762170919.2678,0.0000
1762170919.4481,0.0000
1762170919.6004,0.0000
1762170919.7533,0.0000
1762170919.9348,0.0000
1762170920.0875,0.0000
1762170920.2524,0.0000
1762170920.4171,0.0000
1762170920.5849,0.0000
1762170920.7482,0.0000
1762170920.9106,0.0000
1762170921.0658,0.0000
1762170921.2335,0.0000
1762170921.4113,0.0000
1762170921.5666,0.0000
1762170921.7199,0.0000
1762170921.8773,0.0000
1762170922.0545,1.0000
1762170922.2074,1.0000
1762170922.3875,0.0000
1762170922.5414,1.0000
1762170922.6951,1.0000
1762170922.8537,1.0000
1762170923.0328,1.0000
1762170923.1875,1.0000
1762170923.3516,1.0000
1762170923.5252,0.0000
1762170923.6872,1.0000
1762170923.8399,1.0000
1762170923.9991,1.0000
1762170924.1761,2.0000
1762170924.3320,1.0000
1762170924.4902,2.0000
1762170924.6661,1.0000
1762170924.8229,2.0000
1762170924.9978,1.0000
1762170925.1374,1.0000
1762170925.3155,1.0000
1762170925.4699,2.0000
1762170925.6468,3.0000
1762170925.8136,2.0000
1762170925.9570,3.0000
1762170926.1446,0.0000
1762170926.2895,0.0000
1762170926.4679,0.0000
1762170926.6227,0.0000
1762170926.7789,0.0000
1762170926.9555,0.0000
1762170927.1212,0.0000
1762170927.2781,0.0000
1762170927.4337,0.0000
1762170927.6056,0.0000
1762170927.7808,0.0000
1762170927.9341,0.0000
1762170928.0872,0.0000
1762170928.2589,0.0000
1762170928.4154,0.0000
1762170928.5972,0.0000
1762170928.7505,0.0000
1762170928.9025,0.0000
1762170929.0918,1.0000
1762170929.2475,1.0000
1762170929.4030,0.0000
1762170929.5790,0.0000
1762170929.7324,1.0000
1762170929.9086,0.0000
1762170930.0752,1.0000
1762170930.2212,3.0000
1762170930.3868,4.0000
1762170930.5579,2.0000
1762170930.7406,3.0000
1762170930.8843,2.0000
1762170931.0487,2.0000
1762170931.2164,3.0000
1762170931.3945,3.0000
1762170931.5445,3.0000
1762170931.7286,3.0000
1762170931.8881,3.0000
1762170932.0345,3.0000
1762170932.2006,3.0000
1762170932.3801,4.0000
1762170932.5298,4.0000
1762170932.6900,3.0000
1762170932.8664,2.0000
1762170933.0233,1.0000
1762170933.1998,1.0000
1762170933.3535,1.0000
1762170933.5067,1.0000
1762170933.6883,1.0000
1762170933.8561,1.0000
1762170934.0104,0.0000
1762170934.1636,1.0000
1762170934.3482,1.0000
1762170934.5011,1.0000
1762170934.6553,0.0000
1762170934.8357,0.0000
1762170934.9899,0.0000
1762170935.1666,0.0000
1762170935.3209,0.0000
1762170935.5009,0.0000
1762170935.6525,0.0000
1762170935.8065,0.0000
1762170935.9871,0.0000
1762170936.1478,0.0000
1762170936.3220,0.0000
1762170936.4742,0.0000
1762170936.6517,0.0000
1762170936.8041,0.0000
1762170936.9573,0.0000
1762170937.1275,0.0000
1762170937.3050,0.0000
1762170937.4695,0.0000
1762170937.6244,0.0000
1762170937.7776,0.0000
1762170937.9545,0.0000
1762170938.1090,0.0000
1762170938.2894,0.0000
1762170938.4406,0.0000
1762170938.6047,0.0000
1762170938.7855,0.0000
1762170938.9549,0.0000
1762170939.1131,0.0000
1762170939.2662,0.0000
1762170939.4463,0.0000
1762170939.6077,0.0000
1762170939.7620,0.0000
1762170939.9307,0.0000
1762170940.0945,0.0000
1762170940.2724,0.0000
1762170940.4265,0.0000
1762170940.6044,0.0000
1762170940.7482,0.0000
1762170940.9200,0.0000
1762170941.0848,0.0000
1762170941.2644,0.0000
1762170941.4194,0.0000
1762170941.5961,0.0000
1762170941.7501,0.0000
1762170941.9174,0.0000
1762170942.0713,0.0000
1762170942.2480,0.0000
1762170942.4237,0.0000
1762170942.5863,0.0000
1762170942.7476,0.0000
1762170942.9116,0.0000
1762170943.0688,0.0000
1762170943.2476,0.0000
1762170943.4011,0.0000
1762170943.5603,0.0000
1762170943.7409,0.0000
1762170943.8925,0.0000
1762170944.0714,0.0000
1762170944.2276,0.0000
1762170944.4045,0.0000
1762170944.5584,0.0000
1762170944.7157,0.0000
1762170944.8815,0.0000
1762170945.0524,0.0000
1762170945.2266,0.0000
1762170945.3785,0.0000
1762170945.5434,0.0000
1762170945.7172,0.0000
1762170945.8723,0.0000
1762170946.0495,0.0000
1762170946.2035,0.0000
1762170946.3883,0.0000
1762170946.5387,0.0000
1762170946.7010,0.0000
1762170946.8626,0.0000
1762170947.0316,0.0000
1762170947.2002,0.0000
1762170947.3621,0.0000
1762170947.5177,0.0000
1762170947.6912,0.0000
1762170947.8513,0.0000
1762170948.0208,0.0000
1762170948.1907,0.0000
1762170948.3508,0.0000
1762170948.5168,0.0000
1762170948.6892,0.0000
1762170948.8483,0.0000
1762170949.0101,0.0000
1762170949.1666,0.0000
1762170949.3358,0.0000
1762170949.5007,0.0000
1762170949.6676,0.0000
1762170949.8370,0.0000
1762170949.9967,0.0000
1762170950.1630,0.0000
1762170950.3320,0.0000
1762170950.4944,0.0000
1762170950.6664,0.0000
1762170950.8204,0.0000
1762170950.9959,0.0000
1762170951.1540,0.0000
1762170951.3111,0.0000
1762170951.4905,0.0000
1762170951.6435,0.0000
1762170951.8215,0.0000
1762170951.9766,0.0000
1762170952.1543,0.0000
1762170952.3089,0.0000
1762170952.4636,0.0000
1762170952.6408,0.0000
1762170952.8025,0.0000
1762170952.9578,0.0000
1762170953.1273,0.0000
1762170953.2808,0.0000
1762170953.4571,0.0000
1762170953.6133,0.0000
1762170953.7914,0.0000
1762170953.9460,0.0000
1762170954.1248,0.0000
1762170954.2779,0.0000
1762170954.4317,0.0000
1762170954.6104,0.0000
1762170954.7653,0.0000
1762170954.9429,0.0000
1762170955.0970,1.0000
1762170955.2783,2.0000
1762170955.4303,0.0000
1762170955.6093,0.0000
1762170955.7652,0.0000
1762170955.9244,1.0000
1762170956.1016,1.0000
1762170956.2610,1.0000
1762170956.4147,1.0000
1762170956.5805,2.0000
1762170956.7607,3.0000
1762170956.9136,2.0000
1762170957.0677,4.0000
1762170957.2389,3.0000
1762170957.3968,3.0000
1762170957.5776,3.0000
1762170957.7307,2.0000
1762170957.8876,1.0000
1762170958.0640,1.0000
1762170958.2186,1.0000
1762170958.3856,1.0000
1762170958.5392,0.0000
1762170958.7128,0.0000
1762170958.8654,0.0000
1762170959.0415,0.0000
1762170959.1957,0.0000
1762170959.3761,0.0000
1762170959.5310,0.0000
1762170959.6833,0.0000
1762170959.8636,0.0000
1762170960.0135,0.0000
1762170960.1913,0.0000
1762170960.3501,0.0000
1762170960.5041,0.0000
1762170960.6845,0.0000
1762170960.8367,0.0000
1762170961.0152,0.0000
1762170961.1717,0.0000
1762170961.3440,0.0000
1762170961.4911,0.0000
1762170961.6596,0.0000
1762170961.8317,0.0000
1762170961.9857,0.0000
1762170962.1639,0.0000
1762170962.3176,0.0000
1762170962.4709,0.0000
1762170962.6479,0.0000
1762170962.8030,0.0000
1762170962.9801,0.0000
1762170963.1348,0.0000
1762170963.3141,0.0000
1762170963.4694,0.0000
1762170963.6229,0.0000
1762170963.7935,0.0000
1762170963.9708,0.0000
1762170964.1129,0.0000
1762170964.2905,0.0000
1762170964.4459,0.0000
1762170964.6233,0.0000
1762170964.7782,0.0000
1762170964.9555,0.0000
1762170965.1117,0.0000
1762170965.2658,1.0000
1762170965.4436,0.0000
1762170965.6033,0.0000
1762170965.7565,0.0000
1762170965.9345,0.0000
1762170966.0922,0.0000
1762170966.2672,0.0000
1762170966.4152,0.0000
1762170966.5923,0.0000
1762170966.7602,0.0000
1762170966.9148,0.0000
1762170967.0914,0.0000
1762170967.2470,0.0000
1762170967.3996,0.0000
1762170967.5796,0.0000
1762170967.7332,0.0000
1762170967.8884,0.0000
1762170968.0666,0.0000
1762170968.2252,0.0000
1762170968.3795,0.0000
1762170968.5562,0.0000
1762170968.7119,0.0000
1762170968.8900,0.0000
1762170969.0446,0.0000
1762170969.2248,0.0000
1762170969.3736,0.0000
1762170969.5497,0.0000
1762170969.7060,0.0000
1762170969.8844,0.0000
1762170970.0389,0.0000
1762170970.1898,0.0000
1762170970.3610,0.0000
1762170970.5392,0.0000
1762170970.6932,0.0000
1762170970.8720,0.0000
1762170971.0204,0.0000
1762170971.1979,0.0000
1762170971.3528,0.0000
1762170971.5313,0.0000
1762170971.6879,0.0000
1762170971.8427,0.0000
1762170972.0223,0.0000
1762170972.1775,0.0000
1762170972.3536,0.0000
1762170972.5074,0.0000
1762170972.6875,0.0000
1762170972.8423,0.0000
1762170972.9950,0.0000
1762170973.1748,0.0000
1762170973.3305,0.0000
1762170973.5095,0.0000
1762170973.6522,0.0000
1762170973.8320,0.0000
1762170973.9876,0.0000
1762170974.1593,0.0000
1762170974.3126,0.0000
1762170974.4906,0.0000
1762170974.6446,0.0000
1762170974.8250,0.0000
1762170974.9790,0.0000
1762170975.1552,0.0000
1762170975.3111,0.0000
1762170975.4884,0.0000
1762170975.6427,0.0000
1762170975.7966,0.0000
1762170975.9764,0.0000
1762170976.1303,0.0000
1762170976.3069,0.0000
1762170976.4621,0.0000
1762170976.6404,0.0000
1762170976.7931,0.0000
1762170976.9741,0.0000
1762170977.1275,0.0000
1762170977.3070,0.0000
1762170977.4502,0.0000
1762170977.6304,0.0000
1762170977.7839,0.0000
1762170977.9624,0.0000
1762170978.1167,0.0000
1762170978.2939,0.0000
1762170978.4495,0.0000
1762170978.6082,0.0000
1762170978.7855,0.0000
1762170978.9407,0.0000
1762170979.0955,0.0000
1762170979.2752,0.0000
1762170979.4273,0.0000
1762170979.6051,0.0000
1762170979.7594,0.0000
1762170979.9370,0.0000
1762170980.0981,0.0000
1762170980.2606,0.0000
1762170980.4132,0.0000
1762170980.5811,0.0000
1762170980.7424,0.0000
1762170980.9227,0.0000
1762170981.0754,0.0000
1762170981.2307,0.0000
1762170981.4209,0.0000
1762170981.5740,0.0000
1762170981.7264,0.0000
1762170981.9046,0.0000
1762170982.0532,0.0000
1762170982.2329,0.0000
1762170982.3838,0.0000
1762170982.5612,0.0000
1762170982.7267,0.0000
1762170982.9039,0.0000
1762170983.0611,0.0000
1762170983.2311,0.0000
1762170983.3857,0.0000
1762170983.5650,0.0000
1762170983.7193,0.0000
1762170983.8976,0.0000
1762170984.0528,0.0000
1762170984.2049,0.0000
1762170984.3843,0.0000
1762170984.5376,0.0000
1762170984.7168,0.0000
1762170984.8896,0.0000
1762170985.0441,0.0000
1762170985.1987,0.0000
1762170985.3830,0.0000
1762170985.5408,0.0000
1762170985.6943,0.0000
1762170985.8721,0.0000
1762170986.0415,0.0000
1762170986.1962,0.0000
1762170986.3769,0.0000
1762170986.5285,0.0000
1762170986.6826,0.0000
1762170986.8644,0.0000
1762170987.0196,0.0000
1762170987.1978,0.0000
1762170987.3526,0.0000
1762170987.5159,0.0000
1762170987.6959,0.0000
1762170987.8483,0.0000
1762170988.0282,0.0000
1762170988.1819,0.0000
1762170988.3371,0.0000
1762170988.5178,0.0000
1762170988.6695,0.0000
1762170988.8470,0.0000
1762170988.9945,0.0000
1762170989.1737,0.0000
1762170989.3351,0.0000
1762170989.4885,0.0000
1762170989.6674,0.0000
1762170989.8222,0.0000
1762170990.0024,0.0000
1762170990.1569,0.0000
1762170990.3161,0.0000
1762170990.4943,0.0000
1762170990.6471,0.0000
1762170990.8263,0.0000
1762170990.9804,0.0000
1762170991.1604,0.0000
1762170991.3190,0.0000
1762170991.4715,0.0000
1762170991.6491,0.0000
1762170991.8031,0.0000
1762170991.9812,0.0000
1762170992.1360,0.0000
1762170992.3144,0.0000
1762170992.4684,0.0000
1762170992.6451,0.0000
1762170992.8016,0.0000
1762170992.9797,0.0000
1762170993.1424,0.0000
1762170993.2982,0.0000
1762170993.4775,0.0000
1762170993.6306,0.0000
1762170993.8019,0.0000
1762170993.9557,0.0000
1762170994.1250,0.0000
1762170994.3051,0.0000
1762170994.4592,0.0000
1762170994.6215,0.0000
1762170994.8006,0.0000
1762170994.9533,0.0000
1762170995.1131,0.0000
1762170995.2919,0.0000
1762170995.4515,0.0000
1762170995.6054,0.0000
1762170995.7801,0.0000
1762170995.9462,0.0000
1762170996.1018,0.0000
1762170996.2802,0.0000
1762170996.4412,0.0000
1762170996.6046,0.0000
1762170996.7598,0.0000
1762170996.9373,0.0000
1762170997.1076,0.0000
1762170997.2735,0.0000
1762170997.4276,0.0000
1762170997.6028,0.0000
1762170997.7549,0.0000
1762170997.9324,0.0000
1762170998.0876,0.0000
1762170998.2436,0.0000
1762170998.4197,0.0000
1762170998.5849,0.0000
1762170998.7438,0.0000
1762170998.9147,0.0000
1762170999.0643,3.0000
1762170999.2417,3.0000
1762170999.4096,2.0000
1762170999.5635,3.0000
1762170999.7416,2.0000
1762170999.8982,0.0000
1762171000.0530,0.0000
1762171000.2177,0.0000
1762171000.3847,0.0000
1762171000.5649,0.0000
1762171000.7087,0.0000
1762171000.8856,0.0000
1762171001.0478,0.0000
1762171001.2027,0.0000
1762171001.3644,0.0000
1762171001.5330,0.0000
1762171001.6898,0.0000
1762171001.8489,0.0000
1762171002.0346,0.0000
1762171002.1877,0.0000
1762171002.3567,0.0000
1762171002.5127,0.0000
1762171002.6677,0.0000
1762171002.8456,0.0000
1762171002.9985,0.0000
1762171003.1778,0.0000
1762171003.3292,1.0000
1762171003.5083,1.0000
1762171003.6622,1.0000
1762171003.8173,0.0000
1762171003.9793,1.0000
1762171004.1485,1.0000
1762171004.3076,2.0000
1762171004.4758,2.0000
1762171004.6394,2.0000
1762171004.7972,2.0000
1762171004.9750,3.0000
1762171005.1443,3.0000
1762171005.2970,3.0000
1762171005.4543,4.0000
1762171005.6141,4.0000
1762171005.7924,4.0000
1762171005.9464,4.0000
1762171006.1246,3.0000
1762171006.2781,3.0000
1762171006.4328,4.0000
1762171006.6120,3.0000
1762171006.7656,2.0000
1762171006.9228,0.0000
1762171007.0875,2.0000
1762171007.2665,2.0000
1762171007.4202,1.0000
1762171007.5848,2.0000
1762171007.7642,1.0000
1762171007.9211,2.0000
1762171008.0981,2.0000
1762171008.2521,2.0000
1762171008.4187,2.0000
1762171008.5812,1.0000
1762171008.7611,0.0000
1762171008.9130,0.0000
1762171009.0917,0.0000
1762171009.2435,0.0000
1762171009.4195,0.0000
1762171009.5746,0.0000
1762171009.7534,0.0000
1762171009.9080,0.0000
1762171010.0621,0.0000
1762171010.2391,0.0000
1762171010.3955,0.0000
1762171010.5543,0.0000
1762171010.7175,0.0000
1762171010.8904,0.0000
1762171011.0644,0.0000
1762171011.2179,0.0000
1762171011.3756,0.0000
1762171011.5557,0.0000
1762171011.7151,0.0000
1762171011.8704,0.0000
1762171012.0520,0.0000
1762171012.2157,0.0000
1762171012.3695,0.0000
1762171012.5486,0.0000
1762171012.6996,0.0000
1762171012.8760,0.0000
1762171013.0460,0.0000
1762171013.2001,0.0000
1762171013.3773,0.0000
1762171013.5315,0.0000
1762171013.7074,0.0000
1762171013.8785,0.0000
1762171014.0439,0.0000
1762171014.2029,0.0000
1762171014.3586,0.0000
1762171014.5175,0.0000
1762171014.6974,0.0000
1762171014.8638,0.0000
1762171015.0181,0.0000
1762171015.1974,0.0000
1762171015.3530,0.0000
1762171015.5116,0.0000
1762171015.6812,0.0000
1762171015.8385,0.0000
1762171016.0169,0.0000
1762171016.1818,0.0000
1762171016.3355,0.0000
1762171016.4906,0.0000
1762171016.6569,0.0000
1762171016.8337,0.0000
1762171016.9894,0.0000
1762171017.1517,0.0000
1762171017.3133,0.0000
1762171017.4886,0.0000
1762171017.6495,0.0000
1762171017.8171,0.0000
1762171017.9916,0.0000
1762171018.1544,0.0000
1762171018.3227,0.0000
1762171018.4743,0.0000
1762171018.6310,0.0000
1762171018.8106,0.0000
1762171018.9650,0.0000
1762171019.1434,0.0000
1762171019.2948,0.0000
1762171019.4652,0.0000
1762171019.6337,0.0000
1762171019.7892,0.0000
1762171019.9669,0.0000
1762171020.1176,0.0000
1762171020.2831,0.0000
1762171020.4642,0.0000
1762171020.6133,0.0000
1762171020.7847,0.0000
1762171020.9449,0.0000
1762171021.1212,0.0000
1762171021.2703,0.0000
1762171021.4455,0.0000
1762171021.6069,0.0000
1762171021.7616,0.0000
1762171021.9419,1.0000
1762171022.0950,1.0000
1762171022.2675,2.0000
1762171022.4219,2.0000
1762171022.6005,2.0000
1762171022.7636,2.0000
1762171022.9352,3.0000
1762171023.0829,3.0000
1762171023.2664,2.0000
1762171023.4213,2.0000
1762171023.5736,4.0000
1762171023.7507,3.0000
1762171023.9234,4.0000
1762171024.0757,4.0000
1762171024.2555,5.0000
1762171024.4102,5.0000
1762171024.5893,4.0000
1762171024.7423,4.0000
1762171024.9176,5.0000
1762171025.0697,5.0000
1762171025.2260,5.0000
1762171025.4053,4.0000
1762171025.5597,5.0000
1762171025.7366,4.0000
1762171025.8931,5.0000
1762171026.0701,4.0000
1762171026.2251,4.0000
1762171026.4035,5.0000
1762171026.5582,5.0000
1762171026.7119,5.0000
1762171026.8918,4.0000
1762171027.0467,5.0000
1762171027.2039,4.0000
1762171027.3870,5.0000
1762171027.5466,4.0000
1762171027.6996,4.0000
1762171027.8790,4.0000
1762171028.0321,5.0000
1762171028.1918,4.0000
1762171028.3687,3.0000
1762171028.5291,4.0000
1762171028.6929,2.0000
1762171028.8512,2.0000
1762171029.0047,2.0000
1762171029.1848,2.0000
1762171029.3392,2.0000
1762171029.5157,1.0000
1762171029.6739,2.0000
1762171029.8281,1.0000
1762171030.0048,2.0000
1762171030.1591,1.0000
1762171030.3132,1.0000
1762171030.4937,1.0000
1762171030.6470,1.0000
1762171030.8258,0.0000
1762171030.9769,0.0000
1762171031.1554,0.0000
1762171031.3085,0.0000
1762171031.4624,0.0000
1762171031.6420,0.0000
1762171031.8067,0.0000
1762171031.9621,0.0000
1762171032.1148,0.0000
1762171032.2852,0.0000
1762171032.4622,0.0000
1762171032.6138,0.0000
1762171032.7689,0.0000
1762171032.9428,0.0000
1762171033.0963,0.0000
1762171033.2795,0.0000
1762171033.4341,0.0000
1762171033.5882,0.0000
1762171033.7661,0.0000
1762171033.9229,0.0000
1762171034.1024,0.0000
1762171034.2569,0.0000
1762171034.4104,0.0000
1762171034.5737,0.0000
1762171034.7525,0.0000
1762171034.9045,0.0000
1762171035.0813,0.0000
1762171035.2363,0.0000
1762171035.4125,0.0000
1762171035.5677,0.0000
1762171035.7215,0.0000
1762171035.9027,0.0000
1762171036.0543,0.0000
1762171036.2334,0.0000
1762171036.3877,0.0000
1762171036.5447,0.0000
1762171036.7082,0.0000
1762171036.8778,0.0000
1762171037.0504,0.0000
1762171037.2045,0.0000
1762171037.3835,0.0000
1762171037.5369,0.0000
1762171037.6977,0.0000
1762171037.8753,0.0000
1762171038.0283,0.0000
1762171038.2125,0.0000
1762171038.3733,0.0000
1762171038.5269,0.0000
1762171038.6939,0.0000
1762171038.8546,0.0000
1762171039.0178,0.0000
1762171039.1856,0.0000
1762171039.3583,0.0000
1762171039.5122,0.0000
1762171039.6927,0.0000
1762171039.8461,0.0000
1762171040.0158,0.0000
1762171040.1713,0.0000
1762171040.3439,0.0000
1762171040.4994,0.0000
1762171040.6762,0.0000
1762171040.8296,0.0000
1762171040.9834,0.0000
1762171041.1598,0.0000
1762171041.3174,0.0000
1762171041.4938,0.0000
1762171041.6491,0.0000
1762171041.8058,0.0000
1762171041.9875,1.0000
1762171042.1418,1.0000
1762171042.2965,1.0000
1762171042.4748,1.0000
1762171042.6308,2.0000
1762171042.8069,2.0000
1762171042.9606,2.0000
1762171043.1412,1.0000
1762171043.2943,3.0000
1762171043.4485,3.0000
1762171043.6254,3.0000
1762171043.7929,4.0000
1762171043.9449,4.0000
1762171044.1205,4.0000
1762171044.2813,5.0000
1762171044.4345,5.0000
1762171044.6138,5.0000
1762171044.7654,5.0000
1762171044.9465,5.0000
1762171045.1015,5.0000
1762171045.2784,4.0000
1762171045.4330,4.0000
1762171045.6100,4.0000
1762171045.7643,4.0000
1762171045.9269,3.0000
1762171046.0826,2.0000
1762171046.2538,3.0000
1762171046.4319,3.0000
1762171046.5911,2.0000
1762171046.7517,2.0000
1762171046.9046,1.0000
1762171047.0737,2.0000
1762171047.2502,1.0000
1762171047.4098,1.0000
1762171047.5744,1.0000
1762171047.7284,1.0000
1762171047.8901,0.0000
1762171048.0668,0.0000
1762171048.2173,0.0000
1762171048.3936,0.0000
1762171048.5478,0.0000
1762171048.7164,0.0000
1762171048.8719,0.0000
1762171049.0505,0.0000
1762171049.2098,1.0000
1762171049.3629,1.0000
1762171049.5201,1.0000
1762171049.7033,1.0000
1762171049.8563,1.0000
1762171050.0249,2.0000
1762171050.1799,2.0000
1762171050.3340,2.0000
1762171050.5118,2.0000
1762171050.6659,3.0000
1762171050.8446,3.0000
1762171050.9992,3.0000
1762171051.1544,3.0000
1762171051.3303,3.0000
1762171051.4876,3.0000
1762171051.6565,4.0000
1762171051.8139,4.0000
1762171051.9679,5.0000
1762171052.1489,4.0000
1762171052.3083,4.0000
1762171052.4630,5.0000
1762171052.6430,4.0000
1762171052.7974,5.0000
1762171052.9513,5.0000
1762171053.1172,4.0000
1762171053.2863,4.0000
1762171053.4409,5.0000
1762171053.6194,5.0000
1762171053.7719,5.0000
1762171053.9255,5.0000
1762171054.0936,5.0000
1762171054.2633,5.0000
1762171054.4184,5.0000
1762171054.5956,5.0000
1762171054.7495,5.0000
1762171054.9031,4.0000
1762171055.0820,4.0000
1762171055.2437,4.0000
1762171055.4113,5.0000
1762171055.5583,5.0000
1762171055.7233,4.0000
1762171055.8914,5.0000
1762171056.0520,5.0000
1762171056.2302,5.0000
1762171056.3810,5.0000
1762171056.5584,5.0000
1762171056.7139,4.0000
1762171056.8936,5.0000
1762171057.0471,5.0000
1762171057.2007,4.0000
1762171057.3853,5.0000
1762171057.5391,4.0000
1762171057.7062,5.0000
1762171057.8752,5.0000
1762171058.0293,4.0000
1762171058.1960,4.0000
1762171058.3508,5.0000
1762171058.5276,5.0000
1762171058.6833,4.0000
1762171058.8372,5.0000
1762171059.0149,5.0000
1762171059.1693,3.0000
1762171059.3240,4.0000
1762171059.5070,3.0000
1762171059.6508,3.0000
1762171059.8328,3.0000
1762171059.9868,3.0000
1762171060.1484,3.0000
1762171060.3026,3.0000
1762171060.4797,2.0000
1762171060.6453,2.0000
1762171060.7943,2.0000
1762171060.9737,2.0000
1762171061.1159,2.0000
1762171061.2994,1.0000
1762171061.4541,2.0000
1762171061.6052,1.0000
1762171061.7786,1.0000
1762171061.9305,1.0000
1762171062.0936,1.0000
1762171062.2750,0.0000
1762171062.4291,0.0000
1762171062.6071,0.0000
1762171062.7537,0.0000
1762171062.9354,0.0000
1762171063.0889,0.0000
1762171063.2611,0.0000
1762171063.4134,0.0000
1762171063.5683,0.0000
1762171063.7516,0.0000
1762171063.9126,0.0000
1762171064.0735,0.0000
1762171064.2271,0.0000
1762171064.4012,0.0000
1762171064.5559,0.0000
1762171064.7103,0.0000
1762171064.8813,0.0000
1762171065.0403,0.0000
1762171065.2172,0.0000
1762171065.3732,0.0000
1762171065.5240,0.0000
1762171065.7037,0.0000
1762171065.8580,0.0000
1762171066.0374,0.0000
1762171066.1927,0.0000
1762171066.3465,0.0000
1762171066.5254,0.0000
1762171066.6788,0.0000
1762171066.8568,0.0000
1762171067.0112,0.0000
1762171067.1806,0.0000
1762171067.3354,0.0000
1762171067.4941,0.0000
1762171067.6721,0.0000
1762171067.8262,0.0000
1762171067.9798,0.0000
1762171068.1558,0.0000
1762171068.3157,0.0000
1762171068.4708,0.0000
1762171068.6514,0.0000
1762171068.8030,0.0000
1762171068.9824,0.0000
1762171069.1357,0.0000
1762171069.2905,0.0000
1762171069.4686,0.0000
1762171069.6301,0.0000
1762171069.7825,0.0000
1762171069.9452,0.0000
1762171070.1242,0.0000
1762171070.2803,0.0000
1762171070.4365,0.0000
1762171070.6147,0.0000
1762171070.7691,0.0000
1762171070.9440,0.0000
1762171071.0961,0.0000
1762171071.2514,0.0000
1762171071.4297,0.0000
1762171071.5833,0.0000
1762171071.7481,0.0000
1762171071.9266,0.0000
1762171072.0803,0.0000
1762171072.2498,0.0000
1762171072.4033,0.0000
1762171072.5579,0.0000
1762171072.7387,0.0000
1762171072.8945,0.0000
1762171073.0731,0.0000
1762171073.2279,0.0000
1762171073.3843,0.0000
1762171073.5531,0.0000
1762171073.7313,0.0000
1762171073.8862,0.0000
1762171074.0548,0.0000
1762171074.2091,0.0000
1762171074.3707,0.0000
1762171074.5425,0.0000
1762171074.7063,0.0000
1762171074.8613,0.0000
1762171075.0214,0.0000
1762171075.2017,0.0000
1762171075.3552,0.0000
1762171075.5209,0.0000
1762171075.6996,0.0000
1762171075.8533,0.0000
1762171076.0083,0.0000
1762171076.1891,0.0000
1762171076.3358,1.0000
1762171076.5141,1.0000
1762171076.6630,1.0000
1762171076.8362,2.0000
1762171077.0079,2.0000
1762171077.1645,2.0000
1762171077.3161,2.0000
1762171077.4961,2.0000
1762171077.6510,2.0000
1762171077.8025,2.0000
1762171077.9828,2.0000
1762171078.1522,2.0000
1762171078.3125,2.0000
1762171078.4693,2.0000
1762171078.6323,2.0000
1762171078.7868,2.0000
1762171078.9652,2.0000
1762171079.1184,2.0000
1762171079.2723,2.0000
1762171079.4402,1.0000
1762171079.6044,2.0000
1762171079.7698,2.0000
1762171079.9294,2.0000
1762171080.1059,2.0000
1762171080.2513,2.0000
1762171080.4306,2.0000
1762171080.5857,2.0000
1762171080.7464,1.0000
1762171080.9240,1.0000
1762171081.0785,1.0000
1762171081.2561,1.0000
1762171081.4074,0.0000
1762171081.5763,0.0000
1762171081.7327,0.0000
1762171081.8913,0.0000
1762171082.0557,0.0000
1762171082.2224,0.0000
1762171082.3990,0.0000
1762171082.5709,0.0000
1762171082.7101,0.0000
1762171082.8781,0.0000
1762171083.0519,0.0000
1762171083.2165,0.0000
1762171083.3711,0.0000
1762171083.5487,0.0000
1762171083.7017,0.0000
1762171083.8704,0.0000
1762171084.0400,0.0000
1762171084.1944,0.0000
1762171084.3739,0.0000
1762171084.5283,0.0000
1762171084.6823,0.0000
1762171084.8607,0.0000
1762171085.0150,0.0000
1762171085.1946,0.0000
1762171085.3474,0.0000
1762171085.5253,0.0000
1762171085.6790,0.0000
1762171085.8330,0.0000
1762171086.0100,0.0000
1762171086.1654,0.0000
1762171086.3441,0.0000
1762171086.4968,0.0000
1762171086.6570,0.0000
1762171086.8358,0.0000
1762171087.0001,0.0000
1762171087.1524,0.0000
1762171087.3069,0.0000
1762171087.4839,0.0000
1762171087.6574,0.0000
1762171087.8101,0.0000
1762171087.9660,0.0000
1762171088.1476,0.0000
1762171088.3013,0.0000
1762171088.4686,0.0000
1762171088.6230,0.0000
1762171088.7762,0.0000
1762171088.9503,0.0000
1762171089.1047,0.0000
1762171089.2802,0.0000
1762171089.4333,0.0000
1762171089.6119,0.0000
1762171089.7667,0.0000
1762171089.9213,0.0000
1762171090.0976,0.0000
1762171090.2533,0.0000
1762171090.4057,0.0000
1762171090.5856,0.0000
1762171090.7406,0.0000
1762171090.8930,0.0000
1762171091.0731,0.0000
1762171091.2260,0.0000
1762171091.4035,0.0000
1762171091.5649,0.0000
1762171091.7222,0.0000
1762171091.8767,0.0000
1762171092.0483,0.0000
1762171092.2027,0.0000
1762171092.3828,0.0000
1762171092.5370,0.0000
1762171092.6899,0.0000
1762171092.8744,0.0000
1762171093.0164,0.0000
1762171093.1922,0.0000
1762171093.3540,0.0000
1762171093.5264,0.0000
1762171093.6801,0.0000
1762171093.8425,0.0000
1762171093.9924,0.0000
1762171094.1681,0.0000
1762171094.3269,0.0000
1762171094.4806,0.0000
1762171094.6580,0.0000
1762171094.8158,0.0000
1762171094.9875,0.0000
1762171095.1527,0.0000
1762171095.3034,0.0000
1762171095.4750,0.0000
1762171095.6319,1.0000
1762171095.8084,1.0000
1762171095.9499,1.0000
1762171096.1286,1.0000
1762171096.2815,1.0000
1762171096.4650,1.0000
1762171096.6183,2.0000
1762171096.7725,3.0000
1762171096.9518,2.0000
1762171097.1178,3.0000
1762171097.2711,4.0000
1762171097.4390,4.0000
1762171097.6019,4.0000
1762171097.7557,4.0000
1762171097.9295,5.0000
1762171098.0971,5.0000
1762171098.2508,5.0000
1762171098.4063,5.0000
1762171098.5889,5.0000
1762171098.7434,5.0000
1762171098.8951,5.0000
1762171099.0774,4.0000
1762171099.2303,4.0000
1762171099.3856,5.0000
1762171099.5635,4.0000
1762171099.7188,5.0000
1762171099.8947,3.0000
1762171100.0518,3.0000
1762171100.2077,3.0000
1762171100.3868,3.0000
1762171100.5397,2.0000
1762171100.6927,1.0000
1762171100.8731,2.0000
1762171101.0347,1.0000
1762171101.1809,1.0000
1762171101.3537,0.0000
1762171101.5193,0.0000
1762171101.6722,0.0000
1762171101.8509,0.0000
1762171102.0006,0.0000
1762171102.1551,0.0000
1762171102.3345,0.0000
1762171102.4873,0.0000
1762171102.6414,0.0000
1762171102.8221,0.0000
1762171102.9749,0.0000
1762171103.1527,0.0000
1762171103.3095,0.0000
1762171103.4643,0.0000
1762171103.6423,0.0000
1762171103.7961,0.0000
1762171103.9672,0.0000
1762171104.1119,0.0000
1762171104.2900,0.0000
1762171104.4432,0.0000
1762171104.6235,0.0000
1762171104.7740,0.0000
1762171104.9277,0.0000
1762171105.1070,0.0000
1762171105.2607,0.0000
1762171105.4164,0.0000
1762171105.5930,0.0000
1762171105.7481,0.0000
1762171105.9274,0.0000
1762171106.0818,0.0000
1762171106.2359,0.0000
1762171106.4130,0.0000
1762171106.5686,0.0000
1762171106.7323,0.0000
1762171106.8858,0.0000
1762171107.0572,0.0000
1762171107.2353,0.0000
1762171107.3879,0.0000
1762171107.5425,0.0000
1762171107.7211,0.0000
1762171107.8931,0.0000
1762171108.0448,0.0000
1762171108.2033,0.0000
1762171108.3831,0.0000
1762171108.5612,0.0000
1762171108.7375,0.0000
1762171108.8927,0.0000
1762171109.0721,0.0000
1762171109.2263,0.0000
1762171109.4042,0.0000
1762171109.5757,0.0000
1762171109.7415,0.0000
1762171109.8956,0.0000
1762171110.0759,0.0000
1762171110.2305,0.0000
1762171110.4134,0.0000
1762171110.5689,0.0000
1762171110.7241,0.0000
1762171110.9014,0.0000
1762171111.0555,0.0000
1762171111.2228,0.0000
1762171111.4013,0.0000
1762171111.5541,0.0000
1762171111.7093,0.0000
1762171111.8895,0.0000
1762171112.0482,0.0000
1762171112.2145,0.0000
1762171112.3817,0.0000
1762171112.5503,0.0000
1762171112.7223,0.0000
1762171112.8723,0.0000
1762171113.0350,0.0000
1762171113.2104,0.0000
1762171113.3630,0.0000
1762171113.5267,0.0000
1762171113.7107,0.0000
1762171113.8623,0.0000
1762171114.0176,0.0000
1762171114.1948,0.0000
1762171114.3501,0.0000
1762171114.5264,0.0000
1762171114.6818,0.0000
1762171114.8630,0.0000
1762171115.0169,0.0000
1762171115.1920,0.0000
1762171115.3411,0.0000
1762171115.5216,0.0000
1762171115.6714,0.0000
1762171115.8494,0.0000
1762171116.0029,0.0000
1762171116.1813,0.0000
1762171116.3366,0.0000
1762171116.4893,0.0000
1762171116.6691,0.0000
1762171116.8228,0.0000
1762171116.9904,0.0000
1762171117.1687,0.0000
1762171117.3321,0.0000
1762171117.4833,0.0000
1762171117.6555,0.0000
1762171117.8315,0.0000
1762171117.9837,0.0000
1762171118.1545,0.0000
1762171118.3089,0.0000
1762171118.4871,0.0000
1762171118.6391,0.0000
1762171118.8046,0.0000
1762171118.9607,0.0000
1762171119.1384,0.0000
1762171119.2940,0.0000
1762171119.4720,0.0000
1762171119.6263,0.0000
1762171119.7989,0.0000
1762171119.9555,0.0000
1762171120.1348,0.0000
1762171120.2881,0.0000
1762171120.4478,0.0000
1762171120.6158,0.0000
1762171120.7929,0.0000
1762171120.9470,0.0000
1762171121.1180,0.0000
1762171121.2708,0.0000
1762171121.4342,0.0000
1762171121.5997,0.0000
1762171121.7633,0.0000
1762171121.9252,0.0000
1762171122.1011,0.0000
1762171122.2551,0.0000
1762171122.4347,0.0000
1762171122.5851,0.0000
1762171122.7521,0.0000
1762171122.9142,0.0000
1762171123.0773,0.0000
1762171123.2556,0.0000
1762171123.4106,0.0000
1762171123.5697,0.0000
1762171123.7483,0.0000
1762171123.9013,0.0000
1762171124.0813,0.0000
1762171124.2344,0.0000
1762171124.3887,0.0000
1762171124.5573,0.0000
1762171124.7248,0.0000
1762171124.8852,0.0000
1762171125.0485,0.0000
1762171125.2258,0.0000
1762171125.3808,0.0000
1762171125.5609,0.0000
1762171125.7108,0.0000
1762171125.8858,0.0000
1762171126.0379,0.0000
1762171126.2184,0.0000
1762171126.3730,0.0000
1762171126.5320,0.0000
1762171126.7100,0.0000
1762171126.8587,0.0000
1762171127.0369,0.0000
1762171127.1909,0.0000
1762171127.3502,0.0000
1762171127.5315,0.0000
1762171127.6905,0.0000
1762171127.8463,0.0000
1762171128.0291,0.0000
1762171128.1803,0.0000
1762171128.3582,0.0000
1762171128.5133,0.0000
1762171128.6911,0.0000
1762171128.8470,0.0000
1762171129.0003,0.0000
1762171129.1789,0.0000
1762171129.3463,0.0000
1762171129.5000,0.0000
1762171129.6783,0.0000
1762171129.8329,0.0000
1762171130.0101,0.0000
1762171130.1725,0.0000
1762171130.3354,0.0000
1762171130.5024,0.0000
1762171130.6560,0.0000
1762171130.8133,0.0000
1762171130.9869,0.0000
1762171131.1389,0.0000
1762171131.3131,0.0000
1762171131.4759,0.0000
1762171131.6292,0.0000
1762171131.8063,0.0000
1762171131.9586,0.0000
1762171132.1362,0.0000
1762171132.3003,0.0000
1762171132.4639,0.0000
1762171132.6184,0.0000
1762171132.7946,0.0000
1762171132.9456,0.0000
1762171133.1032,0.0000
1762171133.2830,0.0000
1762171133.4441,0.0000
1762171133.6009,0.0000
1762171133.7764,0.0000
1762171133.9236,0.0000
1762171134.1015,0.0000
1762171134.2556,0.0000
1762171134.4317,0.0000
1762171134.5889,0.0000
1762171134.7423,0.0000
1762171134.9208,0.0000
1762171135.0750,0.0000
1762171135.2520,0.0000
1762171135.4033,0.0000
1762171135.5852,0.0000
1762171135.7366,0.0000
1762171135.8920,0.0000
1762171136.0714,0.0000
1762171136.2270,0.0000
1762171136.3870,0.0000
1762171136.5651,0.0000
1762171136.7202,0.0000
1762171136.8994,0.0000
1762171137.0535,0.0000
1762171137.2314,0.0000
1762171137.3903,0.0000
1762171137.5453,0.0000
1762171137.7233,0.0000
1762171137.8782,0.0000
1762171138.0568,0.0000
1762171138.2220,0.0000
1762171138.3754,0.0000
1762171138.5551,0.0000
1762171138.7096,0.0000
1762171138.8792,0.0000
1762171139.0586,0.0000
1762171139.2136,1.0000
1762171139.3668,1.0000
1762171139.5457,1.0000
1762171139.6996,2.0000
1762171139.8765,3.0000
1762171140.0305,3.0000
1762171140.1886,3.0000
1762171140.3646,4.0000
1762171140.5194,4.0000
1762171140.6956,4.0000
1762171140.8514,4.0000
1762171141.0300,4.0000
1762171141.1826,5.0000
1762171141.3426,5.0000
1762171141.5219,5.0000
1762171141.6753,5.0000
1762171141.8544,5.0000
1762171142.0046,5.0000
1762171142.1826,5.0000
1762171142.3361,4.0000
1762171142.4923,4.0000
1762171142.6713,3.0000
1762171142.8435,3.0000
