ros_time_s,Lecturas_ValidasVerde
1762172565.7287,23.0000
1762172565.9888,35.0000
1762172566.2192,30.0000
1762172566.4487,32.0000
1762172566.6530,32.0000
1762172566.8578,30.0000
1762172567.0378,29.0000
1762172567.2165,29.0000
1762172567.4012,25.0000
1762172567.5994,26.0000
1762172567.7809,29.0000
1762172567.9347,26.0000
1762172568.1149,24.0000
1762172568.2846,25.0000
1762172568.4651,27.0000
1762172568.6165,25.0000
1762172568.7957,22.0000
1762172568.9760,23.0000
1762172569.1318,23.0000
1762172569.2998,27.0000
1762172569.4789,25.0000
1762172569.6340,24.0000
1762172569.7950,24.0000
1762172569.9735,23.0000
1762172570.1287,22.0000
1762172570.3062,23.0000
1762172570.4666,21.0000
1762172570.6213,23.0000
1762172570.8008,23.0000
1762172570.9679,23.0000
1762172571.1215,25.0000
1762172571.2999,25.0000
1762172571.4601,22.0000
1762172571.6192,24.0000
1762172571.7974,23.0000
1762172571.9559,22.0000
1762172572.1259,24.0000
1762172572.3034,22.0000
1762172572.4542,23.0000
1762172572.6325,20.0000
1762172572.7878,21.0000
1762172572.9673,22.0000
1762172573.1247,24.0000
1762172573.2810,22.0000
1762172573.4600,23.0000
1762172573.6135,22.0000
1762172573.7797,20.0000
1762172573.9587,22.0000
1762172574.1134,21.0000
1762172574.2672,22.0000
1762172574.4510,21.0000
1762172574.6041,22.0000
1762172574.7581,20.0000
1762172574.9354,21.0000
1762172575.0983,21.0000
1762172575.2532,20.0000
1762172575.4317,21.0000
1762172575.5847,21.0000
1762172575.7649,22.0000
1762172575.9278,24.0000
1762172576.0760,23.0000
1762172576.2539,23.0000
1762172576.4076,18.0000
1762172576.5621,19.0000
1762172576.7413,24.0000
1762172576.8952,20.0000
1762172577.0689,23.0000
1762172577.2235,23.0000
1762172577.3765,24.0000
1762172577.5538,21.0000
1762172577.7092,23.0000
1762172577.8710,22.0000
1762172578.0508,23.0000
1762172578.1995,23.0000
1762172578.3531,23.0000
1762172578.5314,22.0000
1762172578.6863,21.0000
1762172578.8656,23.0000
1762172579.0193,21.0000
1762172579.1708,23.0000
1762172579.3348,24.0000
1762172579.5137,21.0000
1762172579.6687,22.0000
1762172579.8467,22.0000
1762172579.9916,20.0000
1762172580.1597,21.0000
1762172580.3143,23.0000
1762172580.4815,22.0000
1762172580.6479,22.0000
1762172580.8048,21.0000
1762172580.9714,21.0000
1762172581.1381,22.0000
1762172581.2963,19.0000
1762172581.4726,21.0000
1762172581.6260,20.0000
1762172581.8042,19.0000
1762172581.9595,22.0000
1762172582.1134,21.0000
1762172582.2800,18.0000
1762172582.4586,21.0000
1762172582.6133,20.0000
1762172582.7709,21.0000
1762172582.9376,18.0000
1762172583.0943,20.0000
1762172583.2780,20.0000
1762172583.4282,17.0000
1762172583.5825,18.0000
1762172583.7499,19.0000
1762172583.9131,20.0000
1762172584.0750,19.0000
1762172584.2537,20.0000
1762172584.4076,20.0000
1762172584.5827,19.0000
1762172584.7373,20.0000
1762172584.8918,21.0000
1762172585.0570,21.0000
1762172585.2167,21.0000
1762172585.3822,20.0000
1762172585.5611,19.0000
1762172585.7158,21.0000
1762172585.8741,20.0000
1762172586.0417,20.0000
1762172586.2202,19.0000
1762172586.3735,21.0000
1762172586.5493,20.0000
1762172586.7038,20.0000
1762172586.8794,21.0000
1762172587.0401,21.0000
1762172587.1989,20.0000
1762172587.3638,20.0000
1762172587.5421,20.0000
1762172587.6956,23.0000
1762172587.8645,22.0000
1762172588.0290,23.0000
1762172588.1880,21.0000
1762172588.3422,22.0000
1762172588.5134,21.0000
1762172588.6782,20.0000
1762172588.8415,20.0000
1762172589.0173,21.0000
1762172589.1682,25.0000
1762172589.3382,20.0000
1762172589.4925,19.0000
1762172589.6621,24.0000
1762172589.8389,23.0000
1762172589.9861,22.0000
1762172590.1692,21.0000
1762172590.3240,24.0000
1762172590.4819,23.0000
1762172590.6458,22.0000
1762172590.8132,21.0000
1762172590.9712,22.0000
1762172591.1509,22.0000
1762172591.3047,21.0000
1762172591.4599,21.0000
1762172591.6324,20.0000
1762172591.7885,20.0000
1762172591.9635,23.0000
1762172592.1170,22.0000
1762172592.2950,22.0000
1762172592.4488,22.0000
1762172592.6107,23.0000
1762172592.7810,22.0000
1762172592.9371,20.0000
1762172593.1166,22.0000
1762172593.2713,22.0000
1762172593.4237,19.0000
1762172593.5975,21.0000
1762172593.7673,19.0000
1762172593.9213,21.0000
1762172594.0841,24.0000
1762172594.2628,19.0000
1762172594.4174,22.0000
1762172594.5804,23.0000
1762172594.7340,21.0000
1762172594.9133,21.0000
1762172595.0669,21.0000
1762172595.2353,22.0000
1762172595.3993,22.0000
1762172595.5589,21.0000
1762172595.7367,22.0000
1762172595.8902,22.0000
1762172596.0534,20.0000
1762172596.2099,24.0000
1762172596.3914,21.0000
1762172596.5443,22.0000
1762172596.6992,21.0000
1762172596.8714,19.0000
1762172597.0398,23.0000
1762172597.2041,21.0000
1762172597.3572,20.0000
1762172597.5318,21.0000
1762172597.6904,21.0000
1762172597.8541,21.0000
1762172598.0294,22.0000
1762172598.1867,20.0000
1762172598.3401,21.0000
1762172598.5184,22.0000
1762172598.6767,20.0000
1762172598.8466,21.0000
1762172599.0109,21.0000
1762172599.1728,20.0000
1762172599.3266,21.0000
1762172599.4866,19.0000
1762172599.6630,20.0000
1762172599.8324,23.0000
1762172599.9862,23.0000
1762172600.1598,21.0000
1762172600.3182,22.0000
1762172600.4873,21.0000
1762172600.6499,20.0000
1762172600.8128,22.0000
1762172600.9759,22.0000
1762172601.1363,19.0000
1762172601.3018,19.0000
1762172601.4644,20.0000
1762172601.6359,20.0000
1762172601.7931,22.0000
1762172601.9563,19.0000
1762172602.1210,19.0000
1762172602.2828,21.0000
1762172602.4469,21.0000
1762172602.6034,22.0000
1762172602.7779,25.0000
1762172602.9261,22.0000
1762172603.0965,22.0000
1762172603.2673,24.0000
1762172603.4212,22.0000
1762172603.5955,22.0000
1762172603.7521,21.0000
1762172603.9203,19.0000
1762172604.0823,20.0000
1762172604.2386,23.0000
1762172604.3995,23.0000
1762172604.5765,21.0000
1762172604.7322,22.0000
1762172604.9092,20.0000
1762172605.0629,21.0000
1762172605.2180,21.0000
1762172605.3963,21.0000
1762172605.5504,21.0000
1762172605.7256,22.0000
1762172605.8889,21.0000
1762172606.0491,22.0000
1762172606.2103,19.0000
1762172606.3788,21.0000
1762172606.5289,22.0000
1762172606.7023,21.0000
1762172606.8560,22.0000
1762172607.0119,23.0000
1762172607.1965,22.0000
1762172607.3485,22.0000
1762172607.5022,22.0000
1762172607.6814,22.0000
1762172607.8494,21.0000
1762172607.9991,23.0000
1762172608.1624,23.0000
1762172608.3373,22.0000
1762172608.4917,21.0000
1762172608.6558,22.0000
1762172608.8182,23.0000
1762172608.9994,22.0000
1762172609.1527,22.0000
1762172609.3235,22.0000
1762172609.4687,21.0000
1762172609.6522,21.0000
1762172609.8082,19.0000
1762172609.9616,20.0000
1762172610.1262,22.0000
1762172610.2841,21.0000
1762172610.4671,22.0000
1762172610.6304,21.0000
1762172610.7888,21.0000
1762172610.9433,20.0000
1762172611.0992,22.0000
1762172611.2760,20.0000
1762172611.4308,20.0000
1762172611.5994,23.0000
1762172611.7510,20.0000
1762172611.9297,22.0000
1762172612.0807,20.0000
1762172612.2480,20.0000
1762172612.4173,21.0000
1762172612.5692,19.0000
1762172612.7309,21.0000
1762172612.8948,19.0000
1762172613.0724,18.0000
1762172613.2268,18.0000
1762172613.4039,20.0000
1762172613.5586,20.0000
1762172613.7131,19.0000
1762172613.8951,19.0000
1762172614.0483,22.0000
1762172614.2027,20.0000
1762172614.3662,19.0000
1762172614.5448,20.0000
1762172614.7000,19.0000
1762172614.8624,19.0000
1762172615.0167,19.0000
1762172615.1971,18.0000
1762172615.3504,21.0000
1762172615.5165,22.0000
1762172615.6707,21.0000
1762172615.8568,19.0000
1762172616.0112,21.0000
1762172616.1648,21.0000
1762172616.3294,21.0000
1762172616.4971,21.0000
1762172616.6502,21.0000
1762172616.8214,21.0000
1762172616.9748,22.0000
1762172617.1451,23.0000
1762172617.3230,23.0000
1762172617.4820,23.0000
1762172617.6362,23.0000
1762172617.7995,20.0000
1762172617.9580,21.0000
1762172618.1309,20.0000
1762172618.2949,20.0000
1762172618.4481,22.0000
1762172618.6258,24.0000
1762172618.7803,20.0000
1762172618.9375,21.0000
1762172619.1157,20.0000
1762172619.2695,22.0000
1762172619.4246,21.0000
1762172619.5840,20.0000
1762172619.7517,22.0000
1762172619.9280,20.0000
1762172620.0936,20.0000
1762172620.2372,20.0000
1762172620.4167,21.0000
1762172620.5703,23.0000
1762172620.7257,21.0000
1762172620.9038,22.0000
1762172621.0615,19.0000
1762172621.2161,21.0000
1762172621.3973,20.0000
1762172621.5562,21.0000
1762172621.7209,20.0000
1762172621.8780,19.0000
1762172622.0570,20.0000
1762172622.2127,20.0000
1762172622.3663,22.0000
1762172622.5303,21.0000
1762172622.6998,22.0000
1762172622.8662,19.0000
1762172623.0204,21.0000
1762172623.1887,21.0000
1762172623.3502,19.0000
1762172623.5289,24.0000
1762172623.6720,19.0000
1762172623.8524,21.0000
1762172624.0200,20.0000
1762172624.1758,22.0000
1762172624.3302,21.0000
1762172624.5017,19.0000
1762172624.6632,19.0000
1762172624.8432,20.0000
1762172625.0061,23.0000
1762172625.1690,20.0000
1762172625.3370,22.0000
1762172625.4935,23.0000
1762172625.6544,21.0000
1762172625.8094,23.0000
1762172625.9886,21.0000
1762172626.1416,21.0000
1762172626.2969,23.0000
1762172626.4698,21.0000
1762172626.6266,21.0000
1762172626.7908,23.0000
1762172626.9682,26.0000
1762172627.1281,23.0000
1762172627.2881,24.0000
1762172627.4504,23.0000
1762172627.6141,23.0000
1762172627.7775,21.0000
1762172627.9327,24.0000
1762172628.1033,21.0000
1762172628.2678,22.0000
1762172628.4229,21.0000
1762172628.5857,21.0000
1762172628.7401,22.0000
1762172628.9089,24.0000
1762172629.0624,24.0000
1762172629.2428,23.0000
1762172629.4010,24.0000
1762172629.5643,22.0000
1762172629.7195,21.0000
1762172629.8990,23.0000
1762172630.0622,19.0000
1762172630.2183,21.0000
1762172630.3850,20.0000
1762172630.5383,23.0000
1762172630.7168,21.0000
1762172630.8714,20.0000
1762172631.0255,25.0000
1762172631.2029,23.0000
1762172631.3552,23.0000
1762172631.5310,23.0000
1762172631.6864,25.0000
1762172631.8497,22.0000
1762172632.0079,24.0000
1762172632.1710,21.0000
1762172632.3474,26.0000
1762172632.5014,24.0000
1762172632.6586,21.0000
1762172632.8113,25.0000
1762172632.9922,21.0000
1762172633.1460,22.0000
1762172633.3001,22.0000
1762172633.4845,21.0000
1762172633.6480,23.0000
1762172633.7918,21.0000
1762172633.9717,22.0000
1762172634.1312,23.0000
1762172634.2848,20.0000
1762172634.4632,20.0000
1762172634.6128,21.0000
1762172634.7882,22.0000
1762172634.9479,23.0000
1762172635.1009,23.0000
1762172635.2647,21.0000
1762172635.4418,23.0000
1762172635.5995,23.0000
1762172635.7545,19.0000
1762172635.9308,22.0000
1762172636.0854,25.0000
1762172636.2378,25.0000
1762172636.4003,20.0000
1762172636.5629,21.0000
1762172636.7290,23.0000
1762172636.8875,22.0000
1762172637.0474,22.0000
1762172637.2282,22.0000
1762172637.3791,24.0000
1762172637.5434,23.0000
1762172637.7216,22.0000
1762172637.8749,22.0000
1762172638.0300,24.0000
1762172638.2062,21.0000
1762172638.3616,25.0000
1762172638.5405,22.0000
1762172638.6886,23.0000
1762172638.8532,24.0000
1762172639.0266,24.0000
1762172639.1824,23.0000
1762172639.3414,21.0000
1762172639.5195,21.0000
1762172639.6676,22.0000
1762172639.8466,24.0000
1762172640.0012,24.0000
1762172640.1750,22.0000
1762172640.3225,23.0000
1762172640.5004,24.0000
1762172640.6530,24.0000
1762172640.8330,24.0000
1762172640.9775,23.0000
1762172641.1408,24.0000
1762172641.3069,22.0000
1762172641.4885,23.0000
1762172641.6427,24.0000
1762172641.7933,24.0000
1762172641.9728,24.0000
1762172642.1259,25.0000
1762172642.2945,24.0000
1762172642.4493,26.0000
1762172642.6218,25.0000
1762172642.7758,24.0000
1762172642.9547,23.0000
1762172643.1259,22.0000
1762172643.2790,23.0000
1762172643.4363,23.0000
1762172643.6019,23.0000
1762172643.7667,23.0000
1762172643.9320,22.0000
1762172644.0911,24.0000
1762172644.2650,21.0000
1762172644.4191,21.0000
1762172644.5978,19.0000
1762172644.7603,21.0000
1762172644.9132,21.0000
1762172645.0690,18.0000
1762172645.2464,23.0000
1762172645.4007,19.0000
1762172645.5643,17.0000
1762172645.7364,18.0000
1762172645.8941,21.0000
1762172646.0577,20.0000
1762172646.2114,21.0000
1762172646.3830,20.0000
1762172646.5445,19.0000
1762172646.7207,23.0000
1762172646.8835,20.0000
1762172647.0375,19.0000
1762172647.2148,17.0000
1762172647.3737,21.0000
1762172647.5372,21.0000
1762172647.6915,19.0000
1762172647.8661,20.0000
1762172648.0180,20.0000
1762172648.1770,19.0000
1762172648.3512,18.0000
1762172648.5203,18.0000
1762172648.6734,17.0000
1762172648.8462,17.0000
1762172649.0009,17.0000
1762172649.1742,14.0000
1762172649.3286,14.0000
1762172649.4991,15.0000
1762172649.6526,14.0000
1762172649.8099,15.0000
1762172649.9766,15.0000
1762172650.1332,14.0000
1762172650.3105,17.0000
1762172650.4742,16.0000
1762172650.6309,12.0000
1762172650.7863,15.0000
1762172650.9630,14.0000
1762172651.1186,14.0000
1762172651.2716,15.0000
1762172651.4447,12.0000
1762172651.6101,13.0000
1762172651.7595,14.0000
1762172651.9298,13.0000
1762172652.0928,16.0000
1762172652.2628,14.0000
1762172652.4321,11.0000
1762172652.5942,12.0000
1762172652.7464,14.0000
1762172652.9014,13.0000
1762172653.0721,15.0000
1762172653.2358,16.0000
1762172653.3924,14.0000
1762172653.5628,12.0000
1762172653.7190,15.0000
1762172653.8846,16.0000
1762172654.0390,15.0000
1762172654.2063,17.0000
1762172654.3690,16.0000
1762172654.5231,17.0000
1762172654.7015,16.0000
1762172654.8503,17.0000
1762172655.0165,16.0000
1762172655.1799,15.0000
1762172655.3465,17.0000
1762172655.5130,16.0000
1762172655.6680,16.0000
1762172655.8239,17.0000
1762172656.0017,15.0000
1762172656.1612,16.0000
1762172656.3155,16.0000
1762172656.4865,15.0000
1762172656.6407,15.0000
1762172656.8001,18.0000
1762172656.9799,18.0000
1762172657.1300,19.0000
1762172657.2975,21.0000
1762172657.4668,19.0000
1762172657.6231,19.0000
1762172657.7719,20.0000
1762172657.9436,20.0000
1762172658.1038,20.0000
1762172658.2593,22.0000
1762172658.4377,23.0000
1762172658.5866,22.0000
1762172658.7637,20.0000
1762172658.9180,19.0000
1762172659.0729,19.0000
1762172659.2474,22.0000
1762172659.4025,20.0000
1762172659.5556,21.0000
1762172659.7346,19.0000
1762172659.8854,20.0000
1762172660.0589,19.0000
1762172660.2192,20.0000
1762172660.3740,19.0000
1762172660.5413,20.0000
1762172660.6991,19.0000
1762172660.8536,17.0000
1762172661.0291,16.0000
1762172661.1861,16.0000
1762172661.3409,18.0000
1762172661.5142,18.0000
1762172661.6705,16.0000
1762172661.8240,14.0000
1762172662.0070,15.0000
1762172662.1548,20.0000
1762172662.3184,15.0000
1762172662.4873,19.0000
1762172662.6421,18.0000
1762172662.7969,16.0000
1762172662.9748,18.0000
1762172663.1407,22.0000
1762172663.3018,20.0000
1762172663.4559,19.0000
1762172663.6110,20.0000
1762172663.7896,18.0000
1762172663.9350,19.0000
1762172664.1134,17.0000
1762172664.2592,17.0000
1762172664.4218,19.0000
1762172664.5942,17.0000
1762172664.7549,19.0000
1762172664.9052,20.0000
1762172665.0695,14.0000
1762172665.2310,17.0000
1762172665.3889,17.0000
1762172665.5571,15.0000
1762172665.7130,18.0000
1762172665.8776,16.0000
1762172666.0374,17.0000
1762172666.2142,16.0000
1762172666.3576,16.0000
1762172666.5230,15.0000
1762172666.6862,14.0000
1762172666.8498,14.0000
1762172667.0211,14.0000
1762172667.1758,15.0000
1762172667.3341,12.0000
1762172667.4966,13.0000
1762172667.6601,13.0000
1762172667.8387,17.0000
1762172667.9851,15.0000
1762172668.1632,14.0000
1762172668.3158,9.0000
1762172668.4733,16.0000
1762172668.6333,14.0000
1762172668.8110,13.0000
1762172668.9604,15.0000
1762172669.1417,16.0000
1762172669.2821,14.0000
1762172669.4481,13.0000
1762172669.6126,13.0000
1762172669.7888,15.0000
1762172669.9506,13.0000
1762172670.0977,12.0000
1762172670.2745,15.0000
1762172670.4302,16.0000
1762172670.5944,12.0000
1762172670.7612,13.0000
1762172670.9161,13.0000
1762172671.0831,13.0000
1762172671.2357,12.0000
1762172671.3882,15.0000
1762172671.5715,16.0000
1762172671.7146,14.0000
1762172671.8926,13.0000
1762172672.0586,13.0000
1762172672.2201,13.0000
1762172672.3839,13.0000
1762172672.5363,13.0000
1762172672.6899,16.0000
1762172672.8684,17.0000
1762172673.0304,16.0000
1762172673.1850,15.0000
1762172673.3396,17.0000
1762172673.5132,17.0000
1762172673.6803,20.0000
1762172673.8262,18.0000
1762172673.9790,17.0000
1762172674.1578,16.0000
1762172674.3032,17.0000
1762172674.4733,18.0000
1762172674.6295,18.0000
1762172674.8125,17.0000
1762172674.9755,18.0000
1762172675.1189,20.0000
1762172675.2827,21.0000
1762172675.4438,19.0000
1762172675.6003,17.0000
1762172675.7738,15.0000
1762172675.9267,17.0000
1762172676.0963,19.0000
1762172676.2627,15.0000
1762172676.4159,19.0000
1762172676.5891,22.0000
1762172676.7358,18.0000
1762172676.9142,22.0000
1762172677.0668,21.0000
1762172677.2215,21.0000
1762172677.4029,19.0000
1762172677.5659,21.0000
1762172677.7192,18.0000
1762172677.8701,20.0000
1762172678.0480,22.0000
1762172678.1939,20.0000
1762172678.3591,19.0000
1762172678.5257,17.0000
1762172678.6816,17.0000
1762172678.8596,19.0000
1762172679.0146,19.0000
1762172679.1680,18.0000
1762172679.3457,17.0000
1762172679.4994,18.0000
1762172679.6535,17.0000
1762172679.8329,19.0000
1762172679.9874,19.0000
1762172680.1394,18.0000
1762172680.3186,19.0000
1762172680.4730,17.0000
1762172680.6269,17.0000
1762172680.8054,16.0000
1762172680.9649,16.0000
1762172681.1176,15.0000
1762172681.2726,16.0000
1762172681.4518,13.0000
1762172681.6179,16.0000
1762172681.7702,17.0000
1762172681.9357,15.0000
1762172682.0909,15.0000
1762172682.2594,15.0000
1762172682.4247,15.0000
1762172682.5756,14.0000
1762172682.7519,17.0000
1762172682.8922,14.0000
1762172683.0754,16.0000
1762172683.2298,17.0000
1762172683.3899,15.0000
1762172683.5583,14.0000
1762172683.7214,14.0000
1762172683.8852,16.0000
1762172684.0528,17.0000
1762172684.2067,15.0000
1762172684.3595,14.0000
1762172684.5320,16.0000
1762172684.6860,14.0000
1762172684.8456,15.0000
1762172685.0250,13.0000
1762172685.1789,13.0000
1762172685.3499,16.0000
1762172685.5007,19.0000
1762172685.6555,16.0000
1762172685.8290,16.0000
1762172685.9875,14.0000
1762172686.1494,15.0000
1762172686.3171,15.0000
1762172686.4717,18.0000
1762172686.6496,14.0000
1762172686.8043,17.0000
1762172686.9561,13.0000
1762172687.1297,15.0000
1762172687.2884,16.0000
1762172687.4498,14.0000
1762172687.6042,15.0000
1762172687.7645,16.0000
1762172687.9457,15.0000
1762172688.0982,13.0000
1762172688.2493,15.0000
1762172688.4254,16.0000
1762172688.5811,15.0000
1762172688.7459,16.0000
1762172688.9102,15.0000
1762172689.0671,14.0000
1762172689.2220,14.0000
1762172689.3968,15.0000
1762172689.5545,16.0000
1762172689.7092,14.0000
1762172689.8870,14.0000
1762172690.0427,13.0000
1762172690.1945,16.0000
1762172690.3542,10.0000
1762172690.5324,14.0000
1762172690.6874,14.0000
1762172690.8399,16.0000
1762172691.0188,13.0000
1762172691.1742,12.0000
1762172691.3508,13.0000
1762172691.4908,12.0000
1762172691.6708,15.0000
1762172691.8327,16.0000
1762172691.9842,14.0000
1762172692.1570,12.0000
1762172692.3025,15.0000
1762172692.4724,13.0000
1762172692.6304,12.0000
1762172692.8010,15.0000
1762172692.9593,15.0000
1762172693.1152,14.0000
1762172693.2931,15.0000
1762172693.4429,13.0000
1762172693.6221,15.0000
1762172693.7765,14.0000
1762172693.9284,13.0000
1762172694.0944,12.0000
1762172694.2534,12.0000
1762172694.4272,13.0000
1762172694.5874,13.0000
1762172694.7494,12.0000
1762172694.9118,10.0000
1762172695.0762,13.0000
1762172695.2307,12.0000
1762172695.4004,12.0000
1762172695.5543,12.0000
1762172695.7055,11.0000
1762172695.8848,12.0000
1762172696.0383,11.0000
1762172696.1929,11.0000
1762172696.3725,18.0000
1762172696.5255,19.0000
1762172696.6922,16.0000
1762172696.8460,21.0000
1762172697.0034,15.0000
1762172697.1663,16.0000
1762172697.3441,20.0000
1762172697.4898,19.0000
1762172697.6717,17.0000
1762172697.8244,15.0000
1762172697.9973,19.0000
1762172698.1506,15.0000
1762172698.3044,17.0000
1762172698.4713,16.0000
1762172698.6335,17.0000
1762172698.7877,18.0000
1762172698.9672,17.0000
1762172699.1221,20.0000
1762172699.2833,19.0000
1762172699.4505,18.0000
1762172699.6066,18.0000
1762172699.7538,16.0000
1762172699.9326,13.0000
1762172700.0925,13.0000
1762172700.2449,15.0000
1762172700.4008,15.0000
1762172700.5797,16.0000
1762172700.7445,14.0000
1762172700.9116,14.0000
1762172701.0744,13.0000
1762172701.2272,12.0000
1762172701.3816,14.0000
1762172701.5604,13.0000
1762172701.7237,13.0000
1762172701.8777,12.0000
1762172702.0517,11.0000
1762172702.2125,12.0000
1762172702.3664,13.0000
1762172702.5415,10.0000
1762172702.7045,11.0000
1762172702.8595,12.0000
1762172703.0142,14.0000
1762172703.1906,13.0000
1762172703.3450,12.0000
1762172703.5244,13.0000
1762172703.6771,13.0000
1762172703.8311,13.0000
1762172704.0097,13.0000
1762172704.1652,14.0000
1762172704.3191,13.0000
1762172704.4985,15.0000
1762172704.6557,13.0000
1762172704.8096,14.0000
1762172704.9876,15.0000
1762172705.1423,14.0000
1762172705.2968,14.0000
1762172705.4749,13.0000
1762172705.6287,11.0000
1762172705.8006,10.0000
1762172705.9550,13.0000
1762172706.1333,13.0000
1762172706.2874,12.0000
1762172706.4598,11.0000
1762172706.6139,12.0000
1762172706.7688,9.0000
1762172706.9455,10.0000
1762172707.0998,11.0000
1762172707.2784,10.0000
1762172707.4415,8.0000
1762172707.5965,9.0000
1762172707.7512,8.0000
1762172707.9294,9.0000
1762172708.0825,7.0000
1762172708.2625,8.0000
1762172708.4157,7.0000
1762172708.5705,6.0000
1762172708.7485,6.0000
1762172708.9027,7.0000
1762172709.0805,8.0000
1762172709.2353,7.0000
1762172709.4081,9.0000
1762172709.5758,8.0000
1762172709.7237,7.0000
1762172709.8825,6.0000
1762172710.0473,4.0000
1762172710.2262,5.0000
1762172710.3982,6.0000
1762172710.5507,5.0000
1762172710.7264,6.0000
1762172710.8835,5.0000
1762172711.0374,6.0000
1762172711.2174,5.0000
1762172711.3718,4.0000
1762172711.5246,6.0000
1762172711.7041,4.0000
1762172711.8583,6.0000
1762172712.0354,6.0000
1762172712.1910,8.0000
1762172712.3510,6.0000
1762172712.5292,5.0000
1762172712.6776,6.0000
1762172712.8561,7.0000
1762172713.0008,7.0000
1762172713.1724,7.0000
1762172713.3257,6.0000
1762172713.5047,6.0000
1762172713.6585,4.0000
1762172713.8144,3.0000
1762172713.9931,4.0000
1762172714.1403,3.0000
1762172714.3201,3.0000
1762172714.4741,5.0000
1762172714.6516,5.0000
1762172714.8058,6.0000
1762172714.9702,5.0000
1762172715.1346,5.0000
1762172715.2888,7.0000
1762172715.4420,6.0000
1762172715.6223,8.0000
1762172715.7756,7.0000
1762172715.9529,7.0000
1762172716.1098,7.0000
1762172716.2636,9.0000
1762172716.4271,8.0000
1762172716.5990,8.0000
1762172716.7604,8.0000
1762172716.9178,8.0000
1762172717.0842,8.0000
1762172717.2431,10.0000
1762172717.4225,11.0000
1762172717.5767,9.0000
1762172717.7398,10.0000
1762172717.8983,12.0000
1762172718.0646,16.0000
1762172718.2259,16.0000
1762172718.4006,14.0000
1762172718.5630,13.0000
1762172718.7270,11.0000
1762172718.8810,10.0000
1762172719.0552,11.0000
1762172719.2199,9.0000
1762172719.3744,10.0000
1762172719.5529,8.0000
1762172719.7067,7.0000
1762172719.8858,6.0000
1762172720.0397,5.0000
1762172720.1944,6.0000
1762172720.3724,5.0000
1762172720.5267,6.0000
1762172720.7044,5.0000
1762172720.8588,3.0000
1762172721.0372,6.0000
1762172721.1909,6.0000
1762172721.3456,7.0000
1762172721.5235,6.0000
1762172721.6773,7.0000
1762172721.8564,6.0000
1762172722.0120,6.0000
1762172722.1649,9.0000
1762172722.3423,8.0000
1762172722.4977,7.0000
1762172722.6756,7.0000
1762172722.8379,9.0000
1762172722.9947,8.0000
1762172723.1477,6.0000
1762172723.3249,7.0000
1762172723.4781,8.0000
1762172723.6341,7.0000
1762172723.8122,6.0000
1762172723.9665,7.0000
1762172724.1451,7.0000
1762172724.2876,6.0000
1762172724.4568,8.0000
1762172724.6355,6.0000
1762172724.7903,7.0000
1762172724.9463,7.0000
1762172725.1238,8.0000
1762172725.2776,9.0000
1762172725.4319,11.0000
1762172725.6065,11.0000
1762172725.7611,11.0000
1762172725.9382,9.0000
1762172726.0939,10.0000
1762172726.2478,13.0000
1762172726.4104,9.0000
1762172726.5891,12.0000
1762172726.7300,9.0000
1762172726.9144,6.0000
1762172727.0690,6.0000
1762172727.2342,7.0000
1762172727.3867,8.0000
1762172727.5650,8.0000
1762172727.7196,7.0000
1762172727.8740,6.0000
1762172728.0518,5.0000
1762172728.2055,8.0000
1762172728.3603,7.0000
1762172728.5199,7.0000
1762172728.6875,7.0000
1762172728.8472,8.0000
1762172729.0271,8.0000
1762172729.1704,8.0000
1762172729.3319,8.0000
1762172729.5081,7.0000
1762172729.6630,8.0000
1762172729.8413,8.0000
1762172729.9958,8.0000
1762172730.1488,8.0000
1762172730.3273,9.0000
1762172730.4825,8.0000
1762172730.6607,8.0000
1762172730.8146,7.0000
1762172730.9684,6.0000
1762172731.1322,8.0000
1762172731.2950,7.0000
1762172731.4675,9.0000
1762172731.6390,10.0000
1762172731.7939,10.0000
1762172731.9671,7.0000
1762172732.1170,6.0000
1762172732.2951,7.0000
1762172732.4498,7.0000
1762172732.6060,6.0000
1762172732.7840,5.0000
1762172732.9398,6.0000
1762172733.1163,6.0000
1762172733.2708,5.0000
1762172733.4242,3.0000
1762172733.6034,4.0000
1762172733.7575,3.0000
1762172733.9356,4.0000
1762172734.0900,3.0000
1762172734.2458,6.0000
1762172734.4222,3.0000
1762172734.5677,4.0000
1762172734.7467,5.0000
1762172734.9001,3.0000
1762172735.0782,2.0000
1762172735.2344,4.0000
1762172735.3873,4.0000
1762172735.5663,3.0000
1762172735.7184,4.0000
1762172735.8994,4.0000
1762172736.0522,4.0000
1762172736.2172,3.0000
1762172736.3879,4.0000
1762172736.5423,1.0000
1762172736.6973,3.0000
1762172736.8750,4.0000
1762172737.0293,2.0000
1762172737.2083,3.0000
1762172737.3617,2.0000
1762172737.5160,3.0000
1762172737.6927,2.0000
1762172737.8487,2.0000
1762172738.0257,1.0000
1762172738.1799,2.0000
1762172738.3344,1.0000
1762172738.5130,1.0000
1762172738.6678,1.0000
1762172738.8457,1.0000
1762172739.0003,1.0000
1762172739.1534,1.0000
1762172739.3328,1.0000
1762172739.4874,1.0000
1762172739.6415,1.0000
1762172739.8178,1.0000
1762172739.9718,1.0000
1762172740.1505,1.0000
1762172740.3041,1.0000
1762172740.4595,1.0000
1762172740.6366,1.0000
1762172740.7924,1.0000
1762172741.1248,1.0000
1762172741.2784,1.0000
1762172744.5547,1.0000
1762172744.8874,1.0000
1762172745.0352,1.0000
1762172745.2155,1.0000
1762172745.3720,1.0000
1762172745.5265,1.0000
1762172745.7056,2.0000
1762172745.8603,2.0000
1762172746.0383,1.0000
1762172746.1990,1.0000
1762172746.3523,2.0000
1762172746.5193,1.0000
1762172746.6732,1.0000
1762172746.8530,1.0000
1762172747.0204,1.0000
1762172747.1755,1.0000
1762172747.3320,2.0000
1762172747.5090,1.0000
1762172747.6773,2.0000
1762172747.8209,4.0000
1762172747.9831,2.0000
1762172748.1535,1.0000
1762172748.3305,3.0000
1762172748.4868,4.0000
1762172748.6407,3.0000
1762172748.8195,3.0000
1762172748.9712,5.0000
1762172749.1507,3.0000
1762172749.3052,4.0000
1762172749.4613,4.0000
1762172749.6382,2.0000
1762172749.7950,3.0000
1762172749.9491,4.0000
1762172750.1264,5.0000
1762172750.2950,4.0000
1762172750.4443,4.0000
1762172750.6218,5.0000
1762172750.7766,3.0000
1762172750.9510,5.0000
1762172751.1059,4.0000
1762172751.2647,4.0000
1762172751.4272,4.0000
1762172751.6057,5.0000
1762172751.7493,5.0000
1762172751.9267,4.0000
1762172752.0813,4.0000
1762172752.2588,5.0000
1762172752.4126,5.0000
1762172752.5676,5.0000
1762172752.7294,4.0000
1762172752.8978,5.0000
1762172753.0752,4.0000
1762172753.2306,4.0000
1762172753.4010,6.0000
1762172753.5564,5.0000
1762172753.7354,5.0000
1762172753.8885,6.0000
1762172754.0434,5.0000
1762172754.2121,7.0000
1762172754.3658,4.0000
1762172754.5448,5.0000
1762172754.7005,6.0000
1762172754.8781,5.0000
1762172755.0319,5.0000
1762172755.1864,5.0000
1762172755.3641,6.0000
1762172755.5193,4.0000
1762172755.6975,5.0000
1762172755.8524,6.0000
1762172756.0288,6.0000
1762172756.1884,6.0000
1762172756.3459,5.0000
1762172756.4996,6.0000
1762172756.6780,6.0000
1762172756.8328,6.0000
1762172757.0105,7.0000
1762172757.1646,7.0000
1762172757.3193,6.0000
1762172757.4844,6.0000
1762172757.6610,7.0000
1762172757.8140,6.0000
1762172757.9939,7.0000
1762172758.1472,6.0000
1762172758.3017,7.0000
1762172758.4808,7.0000
1762172758.6335,7.0000
1762172758.8125,6.0000
1762172758.9652,4.0000
1762172759.1213,6.0000
1762172759.2913,7.0000
1762172759.4691,5.0000
1762172759.6236,7.0000
1762172759.7773,4.0000
1762172759.9575,4.0000
1762172760.1135,5.0000
1762172760.2914,6.0000
1762172760.4475,8.0000
1762172760.6007,7.0000
1762172760.7783,6.0000
1762172760.9333,7.0000
1762172761.1109,9.0000
1762172761.2659,8.0000
1762172761.4197,8.0000
1762172761.5973,9.0000
1762172761.7509,9.0000
1762172761.9157,8.0000
1762172762.0698,10.0000
1762172762.2494,6.0000
1762172762.4032,8.0000
1762172762.5711,7.0000
1762172762.7291,6.0000
1762172762.8882,8.0000
1762172763.0629,10.0000
1762172763.2160,7.0000
1762172763.3971,5.0000
1762172763.5494,9.0000
1762172763.7035,8.0000
1762172763.8825,9.0000
1762172764.0416,7.0000
1762172764.2035,7.0000
1762172764.3801,10.0000
1762172764.5354,10.0000
1762172764.6877,10.0000
1762172764.8653,10.0000
1762172765.0190,10.0000
1762172765.1987,8.0000
1762172765.3527,12.0000
1762172765.5058,11.0000
1762172765.6865,10.0000
1762172765.8402,9.0000
1762172766.0174,7.0000
1762172766.1726,11.0000
1762172766.3460,9.0000
1762172766.5001,11.0000
1762172766.6552,11.0000
1762172766.8336,10.0000
1762172766.9880,9.0000
1762172767.1658,12.0000
1762172767.3202,11.0000
1762172767.4782,11.0000
1762172767.6564,11.0000
1762172767.8149,11.0000
1762172767.9692,8.0000
1762172768.1488,11.0000
1762172768.3027,11.0000
1762172768.4586,11.0000
1762172768.6312,7.0000
1762172768.8071,9.0000
1762172768.9582,10.0000
1762172769.1322,10.0000
1762172769.2860,11.0000
1762172769.4541,10.0000
1762172769.6060,10.0000
1762172769.7859,10.0000
1762172769.9339,10.0000
1762172770.1107,10.0000
1762172770.2666,8.0000
1762172770.4453,9.0000
1762172770.5994,9.0000
1762172770.7536,11.0000
1762172770.9328,10.0000
1762172771.0922,10.0000
1762172771.2588,11.0000
1762172771.4143,10.0000
1762172771.5880,11.0000
1762172771.7508,15.0000
1762172771.9200,13.0000
1762172772.0741,12.0000
1762172772.2350,14.0000
1762172772.4123,15.0000
1762172772.5755,13.0000
1762172772.7345,12.0000
1762172772.8883,14.0000
1762172773.0640,12.0000
1762172773.2206,13.0000
1762172773.3986,11.0000
1762172773.5513,8.0000
1762172773.7056,12.0000
1762172773.8829,12.0000
1762172774.0481,12.0000
1762172774.2076,11.0000
1762172774.3641,12.0000
1762172774.5432,10.0000
1762172774.7105,11.0000
1762172774.8692,13.0000
1762172775.0240,14.0000
1762172775.1982,11.0000
1762172775.3533,12.0000
1762172775.5217,10.0000
1762172775.6792,10.0000
1762172775.8545,10.0000
1762172776.0290,10.0000
1762172776.1813,12.0000
1762172776.3351,9.0000
1762172776.5136,13.0000
1762172776.6671,11.0000
1762172776.8288,12.0000
1762172776.9914,11.0000
1762172777.1694,11.0000
1762172777.3269,13.0000
1762172777.4928,13.0000
1762172777.6575,14.0000
1762172777.8112,12.0000
1762172777.9859,12.0000
1762172778.1494,14.0000
1762172778.3027,14.0000
1762172778.4822,12.0000
1762172778.6366,14.0000
1762172778.7898,15.0000
1762172778.9690,15.0000
1762172779.1233,14.0000
1762172779.3002,15.0000
1762172779.4458,17.0000
1762172779.6248,15.0000
1762172779.7716,12.0000
1762172779.9401,11.0000
1762172780.1095,9.0000
1762172780.2677,13.0000
1762172780.4456,13.0000
1762172780.5994,15.0000
1762172780.7777,13.0000
1762172780.9385,13.0000
1762172781.0939,12.0000
1762172781.2560,13.0000
1762172781.4380,12.0000
1762172781.5825,14.0000
1762172781.7446,15.0000
1762172781.9114,14.0000
1762172782.0784,14.0000
1762172782.2348,14.0000
1762172782.3971,13.0000
1762172782.5636,13.0000
1762172782.7428,14.0000
1762172782.8963,15.0000
1762172783.0755,14.0000
1762172783.2297,14.0000
1762172783.3828,15.0000
1762172783.5489,15.0000
1762172783.7074,13.0000
1762172783.8730,12.0000
1762172784.0522,14.0000
1762172784.2053,13.0000
1762172784.3862,14.0000
1762172784.5411,16.0000
1762172784.7047,15.0000
1762172784.8532,15.0000
1762172785.0413,16.0000
1762172785.1882,17.0000
1762172785.3476,15.0000
1762172785.5162,15.0000
1762172785.6955,16.0000
1762172785.8493,16.0000
1762172786.0018,12.0000
1762172786.1820,13.0000
1762172786.3416,13.0000
1762172786.5000,15.0000
1762172786.6786,14.0000
1762172786.8402,13.0000
1762172786.9937,13.0000
1762172787.1529,13.0000
1762172787.3204,14.0000
1762172787.4775,16.0000
1762172787.6393,12.0000
1762172787.8138,14.0000
1762172787.9692,19.0000
1762172788.1541,17.0000
1762172788.3155,15.0000
1762172788.4820,14.0000
1762172788.6275,14.0000
1762172788.8033,16.0000
1762172788.9642,15.0000
1762172789.1179,16.0000
1762172789.2951,17.0000
1762172789.4650,18.0000
1762172789.6349,19.0000
1762172789.8006,19.0000
1762172789.9720,21.0000
1762172790.1256,22.0000
1762172790.2879,20.0000
1762172790.4635,20.0000
1762172790.6167,20.0000
1762172790.7869,19.0000
1762172790.9514,20.0000
1762172791.1310,19.0000
1762172791.2862,21.0000
1762172791.4591,20.0000
1762172791.6071,21.0000
1762172791.7866,20.0000
1762172791.9395,19.0000
1762172792.1040,20.0000
1762172792.2700,20.0000
1762172792.4242,19.0000
1762172792.5925,19.0000
1762172792.7552,20.0000
1762172792.9348,19.0000
1762172793.0889,20.0000
1762172793.2579,20.0000
1762172793.4117,19.0000
1762172793.5847,19.0000
1762172793.7451,20.0000
1762172793.9242,20.0000
1762172794.0772,20.0000
1762172794.2550,20.0000
1762172794.4096,20.0000
1762172794.5642,20.0000
1762172794.7374,19.0000
1762172794.8918,18.0000
1762172795.0695,21.0000
1762172795.2308,18.0000
1762172795.3947,18.0000
1762172795.5521,16.0000
1762172795.7189,17.0000
1762172795.8828,15.0000
1762172796.0604,19.0000
1762172796.2059,15.0000
1762172796.3760,19.0000
1762172796.5396,15.0000
1762172796.6936,17.0000
1762172796.8722,16.0000
1762172797.0278,17.0000
1762172797.1917,17.0000
1762172797.3456,17.0000
1762172797.5161,16.0000
1762172797.6937,14.0000
1762172797.8468,15.0000
1762172798.0162,17.0000
1762172798.1728,15.0000
1762172798.3371,16.0000
1762172798.4914,15.0000
1762172798.6701,18.0000
1762172798.8236,18.0000
1762172799.0018,17.0000
1762172799.1552,15.0000
1762172799.3165,16.0000
1762172799.4728,16.0000
1762172799.6524,17.0000
1762172799.8050,18.0000
1762172799.9615,17.0000
1762172800.1418,18.0000
1762172800.2952,18.0000
1762172800.4512,19.0000
1762172800.6308,18.0000
1762172800.7844,20.0000
1762172800.9430,19.0000
1762172801.1134,19.0000
1762172801.2671,21.0000
1762172801.4460,20.0000
1762172801.5981,21.0000
1762172801.7775,21.0000
1762172801.9321,21.0000
1762172802.0964,21.0000
1762172802.2479,20.0000
1762172802.4281,23.0000
1762172802.5828,20.0000
1762172802.7366,19.0000
1762172802.9151,19.0000
1762172803.0716,20.0000
1762172803.2354,20.0000
1762172803.4037,20.0000
1762172803.5656,19.0000
1762172803.7200,21.0000
1762172803.8940,19.0000
1762172804.0489,19.0000
1762172804.2218,20.0000
1762172804.3750,21.0000
1762172804.5532,19.0000
1762172804.7068,20.0000
1762172804.8757,18.0000
1762172805.0394,19.0000
1762172805.2011,20.0000
1762172805.3551,19.0000
1762172805.5279,19.0000
1762172805.6897,19.0000
1762172805.8604,20.0000
1762172806.0218,20.0000
1762172806.1790,16.0000
1762172806.3542,17.0000
1762172806.5149,19.0000
1762172806.6812,17.0000
1762172806.8332,18.0000
1762172807.0133,18.0000
1762172807.1671,18.0000
1762172807.3443,18.0000
1762172807.4976,18.0000
1762172807.6781,19.0000
1762172807.8339,18.0000
1762172807.9861,20.0000
1762172808.1611,20.0000
1762172808.3383,20.0000
1762172808.4893,16.0000
1762172808.6621,20.0000
1762172808.8167,19.0000
1762172808.9889,19.0000
1762172809.1440,19.0000
1762172809.2971,19.0000
1762172809.4861,20.0000
1762172809.6306,20.0000
1762172809.7988,22.0000
1762172809.9744,22.0000
1762172810.1383,20.0000
1762172810.2915,19.0000
1762172810.4526,20.0000
1762172810.6313,20.0000
1762172810.7855,21.0000
1762172810.9640,23.0000
1762172811.1107,22.0000
1762172811.2871,20.0000
1762172811.4414,21.0000
1762172811.6185,19.0000
1762172811.7748,18.0000
1762172811.9292,19.0000
1762172812.1066,19.0000
1762172812.2608,19.0000
1762172812.4393,19.0000
1762172812.5928,22.0000
1762172812.7719,19.0000
1762172812.9258,17.0000
1762172813.0805,21.0000
1762172813.2631,20.0000
1762172813.4166,17.0000
1762172813.5708,22.0000
1762172813.7537,18.0000
1762172813.9082,21.0000
1762172814.0626,21.0000
1762172814.2325,19.0000
1762172814.3985,19.0000
1762172814.5526,19.0000
1762172814.7346,19.0000
1762172814.8884,19.0000
1762172815.0404,21.0000
1762172815.2199,18.0000
1762172815.3727,18.0000
1762172815.5505,21.0000
1762172815.7055,19.0000
1762172815.8862,21.0000
1762172816.0427,18.0000
1762172816.1982,17.0000
1762172816.3789,19.0000
1762172816.5318,20.0000
1762172816.6894,17.0000
1762172816.8459,20.0000
1762172817.0252,17.0000
1762172817.1821,17.0000
1762172817.3579,18.0000
1762172817.5015,21.0000
1762172817.6814,21.0000
1762172817.8359,20.0000
1762172818.0015,22.0000
1762172818.1568,22.0000
1762172818.3197,21.0000
1762172818.4969,21.0000
1762172818.6527,22.0000
1762172818.8318,22.0000
1762172818.9849,22.0000
1762172819.1394,21.0000
1762172819.3183,23.0000
1762172819.4726,24.0000
1762172819.6278,23.0000
1762172819.8034,23.0000
1762172819.9611,22.0000
1762172820.1152,21.0000
1762172820.2938,24.0000
1762172820.4470,21.0000
1762172820.6021,25.0000
1762172820.7801,23.0000
1762172820.9345,22.0000
1762172821.1119,22.0000
1762172821.2665,22.0000
1762172821.4206,21.0000
1762172821.5985,24.0000
1762172821.7525,24.0000
1762172821.9179,24.0000
1762172822.0774,23.0000
1762172822.2348,23.0000
1762172822.4141,23.0000
1762172822.5705,23.0000
1762172822.7226,25.0000
1762172822.9006,24.0000
1762172823.0552,24.0000
1762172823.2343,24.0000
1762172823.3876,21.0000
1762172823.5418,25.0000
1762172823.7188,21.0000
1762172823.8883,23.0000
1762172824.0566,23.0000
1762172824.2081,26.0000
1762172824.3699,23.0000
1762172824.5414,22.0000
1762172824.7013,26.0000
1762172824.8580,25.0000
1762172825.0358,26.0000
1762172825.1902,24.0000
1762172825.3690,24.0000
1762172825.5231,22.0000
1762172825.6773,25.0000
1762172825.8553,26.0000
1762172826.0083,25.0000
1762172826.1733,25.0000
1762172826.3512,24.0000
1762172826.5047,26.0000
1762172826.6599,24.0000
1762172826.8356,28.0000
1762172826.9983,25.0000
1762172827.1621,25.0000
1762172827.3266,26.0000
1762172827.4840,26.0000
1762172827.6468,25.0000
1762172827.8008,25.0000
1762172827.9741,26.0000
1762172828.1321,24.0000
1762172828.3113,24.0000
1762172828.4663,25.0000
1762172828.6210,27.0000
1762172828.7870,25.0000
1762172828.9552,29.0000
1762172829.1180,26.0000
1762172829.2768,28.0000
1762172829.4434,26.0000
1762172829.6013,28.0000
1762172829.7693,26.0000
1762172829.9369,28.0000
1762172830.0939,26.0000
1762172830.2558,28.0000
1762172830.4201,26.0000
1762172830.5870,30.0000
1762172830.7510,27.0000
1762172830.9058,28.0000
1762172831.0824,30.0000
1762172831.2460,27.0000
1762172831.4061,30.0000
1762172831.5626,27.0000
1762172831.7403,27.0000
1762172831.8945,27.0000
1762172832.0586,31.0000
1762172832.2292,27.0000
1762172832.3815,30.0000
1762172832.5530,28.0000
1762172832.7162,30.0000
1762172832.8711,30.0000
1762172833.0493,30.0000
1762172833.2033,29.0000
1762172833.3586,29.0000
1762172833.5352,30.0000
1762172833.6889,28.0000
1762172833.8660,27.0000
1762172834.0195,30.0000
1762172834.1810,30.0000
1762172834.3588,31.0000
1762172834.5163,31.0000
1762172834.6952,30.0000
1762172834.8495,29.0000
1762172835.0044,30.0000
1762172835.1829,30.0000
1762172835.3326,28.0000
1762172835.5021,28.0000
1762172835.6565,28.0000
1762172835.8358,28.0000
1762172835.9992,29.0000
1762172836.1553,32.0000
1762172836.3100,29.0000
1762172836.4819,29.0000
1762172836.6354,28.0000
1762172836.8213,30.0000
1762172836.9744,31.0000
1762172837.1287,29.0000
1762172837.3050,31.0000
1762172837.4601,28.0000
1762172837.6362,30.0000
1762172837.7908,27.0000
1762172837.9693,28.0000
1762172838.1226,29.0000
1762172838.2770,28.0000
1762172838.4551,28.0000
1762172838.6082,28.0000
1762172838.7879,28.0000
1762172838.9338,28.0000
1762172839.1125,27.0000
1762172839.2670,28.0000
1762172839.4461,30.0000
1762172839.5923,29.0000
1762172839.7715,30.0000
1762172839.9350,27.0000
1762172840.0895,26.0000
1762172840.2696,27.0000
1762172840.4242,29.0000
1762172840.5879,29.0000
1762172840.7543,26.0000
1762172840.9141,29.0000
1762172841.0674,27.0000
1762172841.2459,26.0000
1762172841.4080,29.0000
1762172841.5636,27.0000
1762172841.7404,28.0000
1762172841.8998,27.0000
1762172842.0625,26.0000
1762172842.2164,25.0000
1762172842.3820,24.0000
1762172842.5616,28.0000
1762172842.7067,26.0000
1762172842.8694,27.0000
1762172843.0364,24.0000
1762172843.1993,27.0000
1762172843.3636,30.0000
1762172843.5408,26.0000
1762172843.6944,25.0000
1762172843.8499,27.0000
1762172844.0337,25.0000
1762172844.1765,25.0000
1762172844.3608,28.0000
1762172844.5201,26.0000
1762172844.6738,26.0000
1762172844.8511,26.0000
1762172845.0107,28.0000
1762172845.1651,24.0000
1762172845.3352,28.0000
1762172845.5026,26.0000
1762172845.6426,23.0000
1762172845.8102,26.0000
1762172845.9890,28.0000
1762172846.1538,28.0000
1762172846.3169,28.0000
1762172846.4712,24.0000
1762172846.6252,26.0000
1762172846.8049,25.0000
1762172846.9651,27.0000
1762172847.1178,28.0000
1762172847.2742,27.0000
1762172847.4565,28.0000
1762172847.6105,27.0000
1762172847.7653,30.0000
1762172847.9324,27.0000
1762172848.0852,27.0000
1762172848.2658,26.0000
1762172848.4192,26.0000
1762172848.5957,27.0000
1762172848.7513,28.0000
1762172848.9055,29.0000
1762172849.0849,29.0000
1762172849.2373,27.0000
1762172849.3918,27.0000
1762172849.5703,27.0000
1762172849.7255,27.0000
1762172849.8792,28.0000
1762172850.0659,26.0000
1762172850.2201,28.0000
1762172850.3738,27.0000
1762172850.5512,28.0000
1762172850.7063,28.0000
1762172850.8839,28.0000
1762172851.0374,27.0000
1762172851.1918,25.0000
1762172851.3638,24.0000
1762172851.5411,26.0000
1762172851.6837,26.0000
1762172851.8640,26.0000
1762172852.0178,26.0000
1762172852.1949,27.0000
1762172852.3495,25.0000
1762172852.5045,26.0000
1762172852.6782,29.0000
1762172852.8316,27.0000
1762172853.0110,27.0000
1762172853.1651,24.0000
1762172853.3328,26.0000
1762172853.4872,25.0000
1762172853.6681,25.0000
1762172853.8218,25.0000
1762172853.9988,28.0000
1762172854.1611,24.0000
1762172854.3159,27.0000
1762172854.4857,26.0000
1762172854.6414,25.0000
1762172854.7995,28.0000
1762172854.9778,26.0000
1762172855.1307,26.0000
1762172855.3017,24.0000
1762172855.4557,27.0000
1762172855.6157,25.0000
1762172855.7942,26.0000
1762172855.9583,29.0000
1762172856.1263,28.0000
1762172856.2809,27.0000
1762172856.4600,28.0000
1762172856.6190,27.0000
1762172856.7724,27.0000
1762172856.9263,28.0000
1762172857.1061,26.0000
1762172857.2589,26.0000
1762172857.4286,26.0000
1762172857.5837,26.0000
1762172857.7439,27.0000
1762172857.9165,26.0000
1762172858.0719,24.0000
1762172858.2345,24.0000
1762172858.4143,25.0000
1762172858.5680,26.0000
1762172858.7470,27.0000
1762172858.8997,24.0000
1762172859.0515,23.0000
1762172859.2320,24.0000
1762172859.3924,25.0000
1762172859.5489,24.0000
1762172859.7278,27.0000
1762172859.8796,25.0000
1762172860.0357,23.0000
1762172860.2000,23.0000
1762172860.3804,27.0000
1762172860.5357,24.0000
1762172860.6904,22.0000
1762172860.8594,24.0000
1762172861.0192,21.0000
1762172861.1984,23.0000
1762172861.3601,23.0000
1762172861.5189,23.0000
1762172861.6782,20.0000
1762172861.8334,24.0000
1762172862.0118,23.0000
1762172862.1613,27.0000
1762172862.3390,21.0000
1762172862.4916,23.0000
1762172862.6716,24.0000
1762172862.8260,21.0000
1762172863.0024,24.0000
1762172863.1565,25.0000
1762172863.3100,25.0000
1762172863.4805,25.0000
1762172863.6577,24.0000
1762172863.8123,23.0000
1762172863.9680,26.0000
1762172864.1250,21.0000
1762172864.2871,25.0000
1762172864.4597,24.0000
1762172864.6145,24.0000
1762172864.7911,23.0000
1762172864.9522,25.0000
1762172865.1073,21.0000
1762172865.2678,23.0000
1762172865.4344,22.0000
1762172865.6138,21.0000
1762172865.7675,24.0000
1762172865.9254,23.0000
1762172866.0950,22.0000
1762172866.2496,25.0000
1762172866.4272,23.0000
1762172866.5825,21.0000
1762172866.7369,25.0000
1762172866.9170,21.0000
1762172867.0691,22.0000
1762172867.2238,25.0000
1762172867.4042,24.0000
1762172867.5585,24.0000
1762172867.7250,20.0000
1762172867.8780,19.0000
1762172868.0581,20.0000
1762172868.2127,20.0000
1762172868.3681,22.0000
1762172868.5462,17.0000
1762172868.6997,19.0000
1762172868.8685,20.0000
1762172869.0239,19.0000
1762172869.2019,18.0000
1762172869.3564,20.0000
1762172869.5096,20.0000
1762172869.6815,21.0000
1762172869.8358,17.0000
1762172870.0146,18.0000
1762172870.1793,19.0000
1762172870.3297,18.0000
1762172870.4880,21.0000
1762172870.6660,19.0000
1762172870.8164,21.0000
1762172870.9923,22.0000
1762172871.1473,19.0000
1762172871.3206,22.0000
1762172871.4665,20.0000
1762172871.6295,21.0000
1762172871.8072,19.0000
1762172871.9649,20.0000
1762172872.1192,21.0000
1762172872.2989,20.0000
1762172872.4596,20.0000
1762172872.6105,18.0000
1762172872.7894,20.0000
1762172872.9429,19.0000
1762172873.0981,20.0000
1762172873.2749,19.0000
1762172873.4446,19.0000
1762172873.5984,19.0000
1762172873.7669,19.0000
1762172873.9239,20.0000
1762172874.0798,22.0000
1762172874.2435,20.0000
1762172874.4211,17.0000
1762172874.5757,20.0000
1762172874.7469,20.0000
1762172874.9013,21.0000
1762172875.0829,19.0000
1762172875.2272,19.0000
1762172875.4065,19.0000
1762172875.5631,21.0000
1762172875.7389,22.0000
1762172875.8934,20.0000
1762172876.0592,19.0000
1762172876.2136,18.0000
1762172876.3909,21.0000
1762172876.5471,18.0000
1762172876.6989,19.0000
1762172876.8805,17.0000
1762172877.0355,15.0000
1762172877.1884,18.0000
1762172877.3671,18.0000
1762172877.5090,19.0000
1762172877.6741,21.0000
1762172877.8351,20.0000
1762172878.0094,17.0000
1762172878.1787,19.0000
1762172878.3346,20.0000
1762172878.4866,18.0000
1762172878.6659,23.0000
1762172878.8194,20.0000
1762172878.9754,22.0000
1762172879.1518,22.0000
1762172879.3086,21.0000
1762172879.4643,20.0000
1762172879.6434,22.0000
1762172879.7910,22.0000
1762172879.9512,19.0000
1762172880.1144,23.0000
1762172880.2835,20.0000
1762172880.4366,20.0000
1762172880.6071,21.0000
1762172880.7633,21.0000
1762172880.9413,23.0000
1762172881.0946,24.0000
1762172881.2575,23.0000
1762172881.4346,23.0000
1762172881.5884,22.0000
1762172881.7431,22.0000
1762172881.9195,22.0000
1762172882.0740,24.0000
1762172882.2347,24.0000
1762172882.4055,24.0000
1762172882.5726,24.0000
1762172882.7270,23.0000
1762172882.8901,22.0000
1762172883.0599,23.0000
1762172883.2306,22.0000
1762172883.3832,26.0000
1762172883.5463,23.0000
1762172883.7235,25.0000
1762172883.8775,23.0000
1762172884.0334,24.0000
1762172884.2013,25.0000
1762172884.3803,24.0000
1762172884.5401,27.0000
1762172884.6946,24.0000
1762172884.8722,22.0000
1762172885.0258,26.0000
1762172885.1810,25.0000
1762172885.3588,25.0000
1762172885.5154,24.0000
1762172885.6697,22.0000
1762172885.8485,25.0000
1762172886.0143,25.0000
1762172886.1755,23.0000
1762172886.3298,26.0000
1762172886.5022,24.0000
1762172886.6754,25.0000
1762172886.8303,25.0000
1762172886.9834,25.0000
1762172887.1580,21.0000
1762172887.3115,25.0000
1762172887.4900,24.0000
1762172887.6446,25.0000
1762172887.8071,23.0000
1762172887.9688,22.0000
1762172888.1261,23.0000
1762172888.3066,21.0000
1762172888.4611,20.0000
1762172888.6212,24.0000
1762172888.8004,21.0000
1762172888.9610,25.0000
1762172889.1245,21.0000
1762172889.2882,19.0000
1762172889.4511,26.0000
1762172889.6109,23.0000
1762172889.7751,17.0000
1762172889.9399,22.0000
1762172890.0986,24.0000
1762172890.2648,22.0000
1762172890.4182,24.0000
1762172890.5978,25.0000
1762172890.7509,24.0000
1762172890.9178,21.0000
1762172891.0716,23.0000
1762172891.2444,22.0000
1762172891.4047,22.0000
1762172891.5720,20.0000
1762172891.7355,20.0000
1762172891.8899,19.0000
1762172892.0668,21.0000
1762172892.2247,21.0000
1762172892.4033,21.0000
1762172892.5511,18.0000
1762172892.7072,19.0000
1762172892.8734,23.0000
1762172893.0382,19.0000
1762172893.2143,20.0000
1762172893.3678,17.0000
1762172893.5474,17.0000
1762172893.7017,20.0000
1762172893.8581,19.0000
1762172894.0262,20.0000
1762172894.2026,20.0000
1762172894.3470,21.0000
1762172894.5253,20.0000
1762172894.6792,20.0000
1762172894.8529,22.0000
1762172895.0079,19.0000
1762172895.1677,21.0000
1762172895.3320,20.0000
1762172895.5149,20.0000
1762172895.6690,20.0000
1762172895.8351,23.0000
1762172895.9887,23.0000
1762172896.1645,22.0000
1762172896.3319,21.0000
1762172896.4834,20.0000
1762172896.6418,21.0000
1762172896.8192,19.0000
1762172896.9745,22.0000
1762172897.1530,23.0000
1762172897.3012,20.0000
1762172897.4813,19.0000
1762172897.6360,18.0000
1762172897.7921,22.0000
1762172897.9712,22.0000
1762172898.1289,20.0000
1762172898.2954,21.0000
1762172898.4511,18.0000
1762172898.6106,18.0000
1762172898.7761,21.0000
1762172898.9407,18.0000
1762172899.0980,23.0000
1762172899.2740,22.0000
1762172899.4311,22.0000
1762172899.5883,23.0000
1762172899.7564,24.0000
1762172899.9145,22.0000
1762172900.0841,21.0000
1762172900.2509,21.0000
1762172900.4041,23.0000
1762172900.5758,21.0000
1762172900.7328,21.0000
1762172900.9037,22.0000
1762172901.0758,20.0000
1762172901.2185,20.0000
1762172901.3918,20.0000
1762172901.5459,21.0000
1762172901.7327,19.0000
1762172901.8791,20.0000
1762172902.0414,18.0000
1762172902.2203,17.0000
1762172902.3625,19.0000
1762172902.5252,20.0000
1762172902.6879,17.0000
1762172902.8659,19.0000
1762172903.0350,19.0000
1762172903.1864,19.0000
1762172903.3460,18.0000
1762172903.5021,18.0000
1762172903.6756,19.0000
1762172903.8287,16.0000
1762172904.0053,18.0000
1762172904.1589,20.0000
1762172904.3265,19.0000
1762172904.4972,20.0000
1762172904.6501,19.0000
1762172904.8137,17.0000
1762172904.9768,18.0000
1762172905.1317,21.0000
1762172905.3033,21.0000
1762172905.4551,19.0000
1762172905.6243,19.0000
1762172905.7955,21.0000
1762172905.9495,23.0000
1762172906.1144,27.0000
1762172906.2670,27.0000
1762172906.4518,28.0000
1762172906.6089,24.0000
1762172906.7617,21.0000
1762172906.9288,23.0000
1762172907.0881,17.0000
1762172907.2419,19.0000
1762172907.4195,18.0000
1762172907.5775,15.0000
1762172907.7336,18.0000
1762172907.9114,17.0000
1762172908.0644,17.0000
1762172908.2195,16.0000
1762172908.3790,15.0000
1762172908.5408,14.0000
1762172908.7076,15.0000
1762172908.8735,13.0000
1762172909.0270,14.0000
1762172909.1966,12.0000
1762172909.3587,11.0000
1762172909.5324,13.0000
1762172909.6908,13.0000
1762172909.8453,14.0000
1762172910.0040,12.0000
1762172910.1847,11.0000
1762172910.3502,12.0000
1762172910.5095,10.0000
1762172910.6626,10.0000
1762172910.8368,10.0000
1762172911.0054,9.0000
1762172911.1562,7.0000
1762172911.3278,8.0000
1762172911.4841,8.0000
1762172911.6629,8.0000
1762172911.8170,6.0000
1762172911.9828,8.0000
1762172912.1378,7.0000
1762172912.3155,6.0000
1762172912.4703,6.0000
1762172912.6379,5.0000
1762172912.8028,4.0000
1762172912.9566,4.0000
