ros_time_s,Imu_Error_yaw
1762175012.3910,0.0000
1762175012.6686,0.0000
1762175012.9000,-0.0011
1762175013.1227,-0.0011
1762175013.3485,-0.0011
1762175013.5603,-0.0011
1762175013.7348,-0.0011
1762175013.9376,-0.0011
1762175014.1174,-0.0011
1762175014.2886,-0.0011
1762175014.4765,-0.0011
1762175014.6567,-0.0011
1762175014.8112,-0.0011
1762175014.9902,-0.0011
1762175015.1695,-0.0011
1762175015.3193,-0.0011
1762175015.4999,0.0000
1762175015.6577,0.0000
1762175015.8283,0.0022
1762175015.9883,-0.0011
1762175016.1483,-0.0022
1762175016.3161,-0.0054
1762175016.4711,-0.0054
1762175016.6391,-0.0054
1762175016.7985,-0.0054
1762175016.9711,-0.0044
1762175017.1258,0.0000
1762175017.3031,0.0000
1762175017.4595,0.0000
1762175017.6211,-0.0022
1762175017.7915,-0.0033
1762175017.9508,-0.0022
1762175018.1166,-0.0022
1762175018.2829,-0.0065
1762175018.4421,-0.0098
1762175018.6044,-0.0109
1762175018.7686,-0.0098
1762175018.9335,-0.0098
1762175019.0874,-0.0011
1762175019.2470,0.0044
1762175019.4210,0.0022
1762175019.5815,0.0022
1762175019.7456,0.0022
1762175019.9040,0.0011
1762175020.0836,0.0011
1762175020.2338,0.0065
1762175020.4070,0.0065
1762175020.5654,0.0109
1762175020.7196,0.0164
1762175020.8946,0.0186
1762175021.0599,0.0186
1762175021.2152,0.0251
1762175021.3739,0.0284
1762175021.5460,0.0360
1762175021.7005,0.0426
1762175021.8664,0.0426
1762175022.0305,0.0447
1762175022.1863,0.0480
1762175022.3458,0.0480
1762175022.5101,0.0502
1762175022.6890,0.0491
1762175022.8378,0.0502
1762175022.9919,0.0469
1762175023.1735,0.0469
1762175023.3208,0.0415
1762175023.4834,0.0415
1762175023.6482,0.0404
1762175023.8152,0.0404
1762175023.9678,0.0360
1762175024.1369,0.0295
1762175024.2911,0.0262
1762175024.4708,0.0262
1762175024.6190,0.0229
1762175024.7970,0.0229
1762175024.9514,0.0240
1762175025.1073,0.0251
1762175025.2620,0.0251
1762175025.4286,0.0273
1762175025.5891,0.0273
1762175025.7550,0.0295
1762175025.9337,0.0295
1762175026.0864,0.0305
1762175026.2393,0.0360
1762175026.4020,0.0404
1762175026.5788,0.0404
1762175026.7222,0.0447
1762175026.8854,0.0502
1762175027.0521,0.0545
1762175027.2041,0.0545
1762175027.3661,0.0578
1762175027.5367,0.0589
1762175027.7141,0.0622
1762175027.8562,0.0622
1762175028.0198,0.0655
1762175028.1840,0.0698
1762175028.3645,0.0720
1762175028.5185,0.0720
1762175028.6802,0.0753
1762175028.8352,0.0753
1762175028.9912,0.0753
1762175029.1554,0.0753
1762175029.3354,0.0753
1762175029.4918,0.0753
1762175029.6563,0.0731
1762175029.8097,0.0731
1762175029.9763,0.0709
1762175030.1282,0.0698
1762175030.3082,0.0676
1762175030.4607,0.0676
1762175030.6144,0.0622
1762175030.7749,0.0545
1762175030.9463,0.0524
1762175031.1158,0.0524
1762175031.2702,0.0480
1762175031.4186,0.0436
1762175031.5961,0.0382
1762175031.7414,0.0382
1762175031.9202,0.0316
1762175032.0642,0.0273
1762175032.2377,0.0207
1762175032.3870,0.0207
1762175032.5573,0.0142
1762175032.7074,0.0065
1762175032.8883,-0.0022
1762175033.0424,-0.0054
1762175033.1956,-0.0054
1762175033.3739,-0.0087
1762175033.5288,-0.0098
1762175033.6829,-0.0109
1762175033.8621,-0.0109
1762175034.0168,-0.0131
1762175034.1876,-0.0131
1762175034.3408,-0.0131
1762175034.4963,-0.0131
1762175034.6632,-0.0131
1762175034.8164,-0.0142
1762175034.9963,-0.0196
1762175035.1501,-0.0251
1762175035.3033,-0.0251
1762175035.4818,-0.0305
1762175035.6369,-0.0316
1762175035.7909,-0.0316
1762175035.9617,-0.0316
1762175036.1272,-0.0305
1762175036.2823,-0.0284
1762175036.4357,-0.0262
1762175036.6136,-0.0251
1762175036.7663,-0.0251
1762175036.9444,-0.0218
1762175037.0885,-0.0185
1762175037.2665,-0.0142
1762175037.4204,-0.0142
1762175037.5749,-0.0076
1762175037.7532,-0.0011
1762175037.9065,0.0033
1762175038.0582,0.0033
1762175038.2236,0.0033
1762175038.3857,0.0033
1762175038.5466,0.0055
1762175038.7263,0.0055
1762175038.8762,0.0098
1762175039.0305,0.0142
1762175039.1972,0.0207
1762175039.3750,0.0207
1762175039.5207,0.0273
1762175039.6854,0.0338
1762175039.8422,0.0404
1762175040.0041,0.0404
1762175040.1641,0.0404
1762175040.3247,0.0415
1762175040.4913,0.0426
1762175040.6508,0.0426
1762175040.8304,0.0447
1762175040.9830,0.0491
1762175041.1426,0.0535
1762175041.2985,0.0535
1762175041.4661,0.0589
1762175041.6187,0.0655
1762175041.7971,0.0698
1762175041.9516,0.0698
1762175042.1053,0.0753
1762175042.2841,0.0764
1762175042.4338,0.0796
1762175042.5954,0.0796
1762175042.7543,0.0807
1762175042.9077,0.0840
1762175043.0864,0.0884
1762175043.2336,0.0884
1762175043.4040,0.0916
1762175043.5638,0.0949
1762175043.7178,0.0927
1762175043.8867,0.0927
1762175044.0485,0.0905
1762175044.2075,0.0873
1762175044.3802,0.0829
1762175044.5293,0.0785
1762175044.6944,0.0785
1762175044.8680,0.0753
1762175045.0218,0.0731
1762175045.1897,0.0698
1762175045.3439,0.0665
1762175045.5117,0.0665
1762175045.6705,0.0655
1762175045.8313,0.0655
1762175045.9965,0.0720
1762175046.1583,0.0720
1762175046.3156,0.0829
1762175046.4833,0.0938
1762175046.6552,0.0938
1762175046.8073,0.1025
1762175046.9727,0.1025
1762175047.1367,0.1102
1762175047.2915,0.1124
1762175047.4563,0.1145
1762175047.6105,0.1145
1762175047.7813,0.1156
1762175047.9464,0.1145
1762175048.1072,0.1145
1762175048.2703,0.1145
1762175048.4330,0.1102
1762175048.5920,0.1058
1762175048.7526,0.1069
1762175048.9133,0.1025
1762175049.0765,0.1025
1762175049.2372,0.0971
1762175049.4006,0.0884
1762175049.5773,0.0818
1762175049.7257,0.0818
1762175049.8870,0.0775
1762175050.0526,0.0687
1762175050.2157,0.0622
1762175050.3864,0.0622
1762175050.5399,0.0535
1762175050.6975,0.0447
1762175050.8619,0.0436
1762175051.0299,0.0436
1762175051.1870,0.0415
1762175051.3536,0.0415
1762175051.5125,0.0415
1762175051.6798,0.0415
1762175051.8348,0.0404
1762175052.0058,0.0404
1762175052.1597,0.0382
1762175052.3257,0.0382
1762175052.4848,0.0338
1762175052.6409,0.0273
1762175052.8184,0.0273
1762175052.9809,0.0218
1762175053.1376,0.0196
1762175053.2952,0.0142
1762175053.4638,0.0087
1762175053.6275,0.0087
1762175053.7835,0.0055
1762175053.9507,0.0000
1762175054.1165,-0.0022
1762175054.2790,-0.0022
1762175054.4385,-0.0065
1762175054.6035,-0.0153
1762175054.7668,-0.0175
1762175054.9292,-0.0175
1762175055.0914,-0.0185
1762175055.2454,-0.0240
1762175055.4084,-0.0305
1762175055.5709,-0.0415
1762175055.7325,-0.0415
1762175055.8875,-0.0513
1762175056.0510,-0.0622
1762175056.2058,-0.0622
1762175056.3729,-0.0709
1762175056.5332,-0.0796
1762175056.6938,-0.0949
1762175056.8539,-0.0949
1762175057.0196,-0.1080
1762175057.1689,-0.1178
1762175057.3356,-0.1309
1762175057.4956,-0.1309
1762175057.6486,-0.1396
1762175057.8135,-0.1473
1762175057.9769,-0.1516
1762175058.1347,-0.1549
1762175058.2984,-0.1549
1762175058.4696,-0.1571
1762175058.6223,-0.1582
1762175058.7871,-0.1614
1762175058.9409,-0.1614
1762175059.0955,-0.1647
1762175059.2684,-0.1702
1762175059.4193,-0.1745
1762175059.5959,-0.1745
1762175059.7555,-0.1811
1762175059.9253,-0.1844
1762175060.0807,-0.1887
1762175060.2270,-0.1887
1762175060.4053,-0.1909
1762175060.5646,-0.1909
1762175060.7163,-0.1920
1762175060.8815,-0.1920
1762175061.0466,-0.1953
1762175061.2110,-0.1985
1762175061.3659,-0.2018
1762175061.5473,-0.2018
1762175061.7024,-0.2007
1762175061.8675,-0.2018
1762175062.0213,-0.2029
1762175062.1795,-0.2040
1762175062.3401,-0.2040
1762175062.4987,-0.2094
1762175062.6638,-0.2149
1762175062.8444,-0.2193
1762175062.9869,-0.2193
1762175063.1484,-0.2203
1762175063.3086,-0.2214
1762175063.4770,-0.2214
1762175063.6291,-0.2214
1762175063.8075,-0.2203
1762175063.9624,-0.2193
1762175064.1277,-0.2182
1762175064.2858,-0.2182
1762175064.4348,-0.2193
1762175064.5963,-0.2225
1762175064.7725,-0.2280
1762175064.9302,-0.2280
1762175065.0908,-0.2356
1762175065.2524,-0.2411
1762175065.4119,-0.2476
1762175065.5685,-0.2476
1762175065.7236,-0.2564
1762175065.9011,-0.2640
1762175066.0473,-0.2738
1762175066.2070,-0.2738
1762175066.3690,-0.2782
1762175066.5309,-0.2814
1762175066.6914,-0.2858
1762175066.8576,-0.2858
1762175067.0135,-0.2912
1762175067.1797,-0.2967
1762175067.3399,-0.2978
1762175067.4946,-0.2978
1762175067.6538,-0.3000
1762175067.8133,-0.3011
1762175067.9781,-0.2956
1762175068.1435,-0.2956
1762175068.2973,-0.2858
1762175068.4747,-0.2793
1762175068.7050,-0.2771
1762175068.8654,-0.2793
1762175069.0239,-0.2793
1762175069.1948,-0.2793
1762175069.3551,-0.2782
1762175069.5048,-0.2782
1762175069.6691,-0.2771
1762175069.8310,-0.2760
1762175070.0079,-0.2760
1762175070.1542,-0.2727
1762175070.3292,-0.2727
1762175070.4759,-0.2727
1762175070.6369,-0.2705
1762175070.8181,-0.2705
1762175070.9605,-0.2694
1762175071.1333,-0.2662
1762175071.2871,-0.2662
1762175071.4677,-0.2662
1762175071.6100,-0.2673
1762175071.7786,-0.2673
1762175071.9331,-0.2673
1762175072.1100,-0.2662
1762175072.2768,-0.2662
1762175072.4304,-0.2662
1762175072.5803,-0.2651
1762175072.7431,-0.2640
1762175072.9018,-0.2629
1762175073.0803,-0.2629
1762175073.2340,-0.2662
1762175073.3872,-0.2694
1762175073.5680,-0.2705
1762175073.7158,-0.2640
1762175073.8949,-0.2640
1762175074.0352,-0.2542
1762175074.1952,-0.2411
1762175074.3736,-0.2280
1762175074.5274,-0.2280
1762175074.6815,-0.2193
1762175074.8487,-0.2105
1762175075.0041,-0.2062
1762175075.1636,-0.2062
1762175075.3256,-0.2029
1762175075.4869,-0.1964
1762175075.6476,-0.1920
1762175075.8264,-0.1920
1762175075.9731,-0.1865
1762175076.1340,-0.1800
1762175076.3147,-0.1800
1762175076.4577,-0.1702
1762175076.6204,-0.1647
1762175076.7834,-0.1593
1762175076.9615,-0.1593
1762175077.1219,-0.1560
1762175077.2749,-0.1560
1762175077.4413,-0.1516
1762175077.6123,-0.1505
1762175077.7610,-0.1505
1762175077.9341,-0.1473
1762175078.1007,-0.1462
1762175078.2579,-0.1440
1762175078.4261,-0.1440
1762175078.5686,-0.1418
1762175078.7321,-0.1374
1762175078.8900,-0.1374
1762175079.0681,-0.1309
1762175079.2221,-0.1233
1762175079.3795,-0.1211
1762175079.5574,-0.1145
1762175079.7005,-0.1145
1762175079.8789,-0.1091
1762175080.0346,-0.1080
1762175080.1891,-0.1047
1762175080.3695,-0.1047
1762175080.5179,-0.1069
1762175080.6756,-0.1091
1762175080.8537,-0.1102
1762175081.0078,-0.1102
1762175081.1621,-0.1102
1762175081.3420,-0.1091
1762175081.4946,-0.1069
1762175081.6512,-0.1069
1762175081.8092,-0.1025
1762175081.9895,-0.0982
1762175082.1435,-0.1004
1762175082.2971,-0.1014
1762175082.4576,-0.1014
1762175082.6271,-0.0993
1762175082.7956,-0.0927
1762175082.9480,-0.0829
1762175083.1115,-0.0829
1762175083.2706,-0.0731
1762175083.4484,-0.0633
1762175083.6036,-0.0556
1762175083.7694,-0.0556
1762175083.9150,-0.0502
1762175084.0934,-0.0458
1762175084.2556,-0.0382
1762175084.4178,-0.0382
1762175084.5803,-0.0338
1762175084.7392,-0.0262
1762175084.8941,-0.0207
1762175085.0558,-0.0207
1762175085.2255,-0.0175
1762175085.3804,-0.0109
1762175085.5339,-0.0022
1762175085.7139,-0.0022
1762175085.8536,0.0044
1762175086.0192,0.0109
1762175086.1911,0.0175
1762175086.3454,0.0175
1762175086.5099,0.0196
1762175086.6698,0.0229
1762175086.8234,0.0273
1762175086.9919,0.0273
1762175087.1675,0.0305
1762175087.3130,0.0338
1762175087.4905,0.0338
1762175087.6330,0.0338
1762175087.8095,0.0360
1762175087.9782,0.0404
1762175088.1400,0.0458
1762175088.2939,0.0458
1762175088.4604,0.0480
1762175088.6251,0.0524
1762175088.7793,0.0556
1762175088.9342,0.0578
1762175089.1079,0.0578
1762175089.2669,0.0611
1762175089.4278,0.0611
1762175089.5749,0.0611
1762175089.7538,0.0611
1762175089.9100,0.0633
1762175090.0731,0.0644
1762175090.2394,0.0644
1762175090.3924,0.0644
1762175090.5431,0.0687
1762175090.7220,0.0698
1762175090.8758,0.0698
1762175091.0342,0.0731
1762175091.1888,0.0742
1762175091.3424,0.0764
1762175091.5157,0.0764
1762175091.6706,0.0785
1762175091.8441,0.0796
1762175092.0051,0.0851
1762175092.1666,0.0905
1762175092.3068,0.0905
1762175092.4804,0.0927
1762175092.6353,0.0916
1762175092.8127,0.0905
1762175092.9672,0.0905
1762175093.1218,0.0927
1762175093.3001,0.0905
1762175093.4557,0.0862
1762175093.6208,0.0862
1762175093.7755,0.0818
1762175093.9410,0.0742
1762175094.1029,0.0687
1762175094.2554,0.0687
1762175094.4219,0.0644
1762175094.5881,0.0611
1762175094.7415,0.0556
1762175094.8966,0.0556
1762175095.0699,0.0491
1762175095.2318,0.0447
1762175095.3962,0.0436
1762175095.5512,0.0436
1762175095.7195,0.0415
1762175095.8767,0.0382
1762175096.0268,0.0338
1762175096.2013,0.0338
1762175096.3552,0.0305
1762175096.5075,0.0262
1762175096.6629,0.0196
1762175096.8433,0.0196
1762175096.9982,0.0131
1762175097.1470,0.0098
1762175097.3248,0.0044
1762175097.4804,0.0044
1762175097.6271,0.0000
1762175097.8048,-0.0076
1762175097.9459,-0.0131
1762175098.1177,-0.0131
1762175098.2675,-0.0196
1762175098.4477,-0.0262
1762175098.5876,-0.0284
1762175098.7670,-0.0284
1762175098.9207,-0.0316
1762175099.0674,-0.0338
1762175099.2452,-0.0349
1762175099.4103,-0.0371
1762175099.5495,-0.0371
1762175099.7265,-0.0382
1762175099.8803,-0.0404
1762175100.0309,-0.0404
1762175100.2041,-0.0415
1762175100.3614,-0.0458
1762175100.5239,-0.0469
1762175100.6756,-0.0502
1762175100.8345,-0.0502
1762175101.0202,-0.0556
1762175101.1738,-0.0589
1762175101.3277,-0.0676
1762175101.5054,-0.0676
1762175101.6654,-0.0753
1762175101.8191,-0.0818
1762175101.9896,-0.0927
1762175102.1388,-0.0927
1762175102.2980,-0.1036
1762175102.4611,-0.1113
1762175102.6214,-0.1211
1762175102.7836,-0.1211
1762175102.9373,-0.1265
1762175103.1141,-0.1342
1762175103.2635,-0.1451
1762175103.4248,-0.1527
1762175103.5890,-0.1527
1762175103.7423,-0.1614
1762175103.9063,-0.1691
1762175104.0678,-0.1756
1762175104.2274,-0.1756
1762175104.3950,-0.1844
1762175104.5490,-0.1909
1762175104.7140,-0.1920
1762175104.8741,-0.1920
1762175105.0418,-0.1931
1762175105.1994,-0.1974
1762175105.3652,-0.2029
1762175105.5413,-0.2084
1762175105.6876,-0.2084
1762175105.8617,-0.2149
1762175106.0073,-0.2247
1762175106.1622,-0.2247
1762175106.3307,-0.2324
1762175106.4854,-0.2378
1762175106.6466,-0.2422
1762175106.8098,-0.2422
1762175106.9667,-0.2433
1762175107.1452,-0.2422
1762175107.2884,-0.2443
1762175107.4704,-0.2454
1762175107.6296,-0.2454
1762175107.7732,-0.2465
1762175107.9316,-0.2476
1762175108.0933,-0.2476
1762175108.2530,-0.2498
1762175108.4141,-0.2574
1762175108.5768,-0.2596
1762175108.7350,-0.2629
1762175108.9178,-0.2629
1762175109.0722,-0.2596
1762175109.2274,-0.2585
1762175109.3895,-0.2596
1762175109.5422,-0.2596
1762175109.7143,-0.2585
1762175109.8674,-0.2564
1762175110.0266,-0.2520
1762175110.2043,-0.2520
1762175110.3625,-0.2498
1762175110.5145,-0.2433
1762175110.6690,-0.2378
1762175110.8497,-0.2378
1762175111.0010,-0.2345
1762175111.1545,-0.2302
1762175111.3329,-0.2258
1762175111.4938,-0.2258
1762175111.6481,-0.2160
1762175111.8038,-0.2094
1762175111.9596,-0.2051
1762175112.1267,-0.2051
1762175112.2806,-0.2018
1762175112.4357,-0.1964
1762175112.5964,-0.1876
1762175112.7732,-0.1876
1762175112.9291,-0.1800
1762175113.0804,-0.1767
1762175113.2416,-0.1702
1762175113.4187,-0.1702
1762175113.5728,-0.1680
1762175113.7267,-0.1691
1762175113.8812,-0.1702
1762175114.0526,-0.1702
1762175114.2005,-0.1767
1762175114.3796,-0.1844
1762175114.5246,-0.1887
1762175114.7018,-0.1887
1762175114.8560,-0.1876
1762175115.0105,-0.1909
1762175115.1734,-0.1953
1762175115.3352,-0.1953
1762175115.4893,-0.2051
1762175115.6672,-0.2193
1762175115.8214,-0.2367
1762175115.9748,-0.2367
1762175116.1331,-0.2476
1762175116.2921,-0.2509
1762175116.4613,-0.2520
1762175116.6167,-0.2520
1762175116.7753,-0.2542
1762175116.9331,-0.2542
1762175117.0935,-0.2553
1762175117.2714,-0.2553
1762175117.4157,-0.2564
1762175117.5932,-0.2564
1762175117.7556,-0.2564
1762175117.9087,-0.2564
1762175118.0739,-0.2542
1762175118.2169,-0.2542
1762175118.3878,-0.2531
1762175118.5515,-0.2531
1762175118.6966,-0.2498
1762175118.8746,-0.2433
1762175119.0166,-0.2400
1762175119.1963,-0.2400
1762175119.3499,-0.2400
1762175119.5043,-0.2367
1762175119.6820,-0.2313
1762175119.8412,-0.2247
1762175119.9954,-0.2247
1762175120.1532,-0.2203
1762175120.3141,-0.2193
1762175120.4630,-0.2225
1762175120.6240,-0.2225
1762175120.7881,-0.2236
1762175120.9471,-0.2269
1762175121.1131,-0.2258
1762175121.2730,-0.2258
1762175121.4270,-0.2269
1762175121.5958,-0.2247
1762175121.7546,-0.2225
1762175121.9100,-0.2225
1762175122.0826,-0.2225
1762175122.2359,-0.2236
1762175122.3901,-0.2236
1762175122.5696,-0.2258
1762175122.7232,-0.2258
1762175122.8748,-0.2313
1762175123.0404,-0.2356
1762175123.2079,-0.2400
1762175123.3624,-0.2400
1762175123.5172,-0.2422
1762175123.6724,-0.2422
1762175123.8381,-0.2422
1762175123.9924,-0.2367
1762175124.1572,-0.2324
1762175124.3115,-0.2302
1762175124.4769,-0.2302
1762175124.6434,-0.2313
1762175124.8046,-0.2334
1762175124.9597,-0.2367
1762175125.1131,-0.2433
1762175125.2842,-0.2433
1762175125.4571,-0.2454
1762175125.6112,-0.2454
1762175125.7628,-0.2454
1762175125.9231,-0.2454
1762175126.0904,-0.2465
1762175126.2510,-0.2476
1762175126.4108,-0.2443
1762175126.5721,-0.2443
1762175126.7335,-0.2454
1762175126.8918,-0.2443
1762175127.0493,-0.2443
1762175127.2140,-0.2443
1762175127.3679,-0.2487
1762175127.5322,-0.2542
1762175127.6884,-0.2553
1762175127.8656,-0.2553
1762175128.0126,-0.2520
1762175128.1656,-0.2487
1762175128.3302,-0.2465
1762175128.4946,-0.2465
1762175128.6527,-0.2433
1762175128.8152,-0.2411
1762175128.9698,-0.2367
1762175129.1482,-0.2367
1762175129.2928,-0.2334
1762175129.4468,-0.2291
1762175129.6268,-0.2258
1762175129.7827,-0.2258
1762175129.9366,-0.2225
1762175130.1147,-0.2203
1762175130.2689,-0.2214
1762175130.4233,-0.2203
1762175130.5832,-0.2203
1762175130.7600,-0.2203
1762175130.9073,-0.2193
1762175131.0736,-0.2138
1762175131.2341,-0.2138
1762175131.3914,-0.2062
1762175131.5525,-0.2040
1762175131.7145,-0.2029
1762175131.8761,-0.2029
1762175132.0354,-0.2007
1762175132.2103,-0.2040
1762175132.3638,-0.2051
1762175132.5247,-0.2051
1762175132.6830,-0.2040
1762175132.8476,-0.2029
1762175133.0051,-0.2018
1762175133.1714,-0.2018
1762175133.3333,-0.1996
1762175133.4913,-0.1985
1762175133.6543,-0.1974
1762175133.8292,-0.1974
1762175133.9813,-0.1985
1762175134.1383,-0.1996
1762175134.3046,-0.2051
1762175134.4752,-0.2116
1762175134.6272,-0.2116
1762175134.8084,-0.2193
1762175134.9515,-0.2269
1762175135.1133,-0.2367
1762175135.2738,-0.2367
1762175135.4351,-0.2433
1762175135.5970,-0.2454
1762175135.7753,-0.2454
1762175135.9269,-0.2378
1762175136.0933,-0.2378
1762175136.2437,-0.2378
1762175136.4154,-0.2367
1762175136.5823,-0.2367
1762175136.7382,-0.2367
1762175136.8882,-0.2302
1762175137.0489,-0.2247
1762175137.2125,-0.2214
1762175137.3891,-0.2214
1762175137.5427,-0.2182
1762175137.7123,-0.2160
1762175137.8547,-0.2149
1762175138.0376,-0.2149
1762175138.1920,-0.2094
1762175138.3404,-0.2029
1762175138.5022,-0.1985
1762175138.6807,-0.1985
1762175138.8334,-0.1964
1762175139.0002,-0.1920
1762175139.1454,-0.1844
1762175139.3253,-0.1778
1762175139.4869,-0.1778
1762175139.6352,-0.1702
1762175139.7941,-0.1625
1762175139.9670,-0.1549
1762175140.1210,-0.1549
1762175140.2742,-0.1484
1762175140.4569,-0.1418
1762175140.6114,-0.1385
1762175140.7648,-0.1385
1762175140.9229,-0.1342
1762175141.1019,-0.1320
1762175141.2552,-0.1276
1762175141.4094,-0.1276
1762175141.5876,-0.1244
1762175141.7281,-0.1145
1762175141.9062,-0.1014
1762175142.0510,-0.1014
1762175142.2198,-0.0873
1762175142.3735,-0.0764
1762175142.5406,-0.0687
1762175142.7156,-0.0687
1762175142.8576,-0.0655
1762175143.0369,-0.0633
1762175143.1987,-0.0622
1762175143.3515,-0.0622
1762175143.5058,-0.0622
1762175143.6581,-0.0644
1762175143.8378,-0.0644
1762175143.9776,-0.0644
1762175144.1550,-0.0687
1762175144.3021,-0.0753
1762175144.4637,-0.0829
1762175144.6341,-0.0829
1762175144.7883,-0.0894
1762175144.9430,-0.0949
1762175145.0960,-0.1004
1762175145.2743,-0.1069
1762175145.4281,-0.1069
1762175145.5951,-0.1102
1762175145.7495,-0.1123
1762175145.9025,-0.1178
1762175146.0769,-0.1178
1762175146.2220,-0.1254
1762175146.3970,-0.1374
1762175146.5503,-0.1505
1762175146.7208,-0.1505
1762175146.8740,-0.1647
1762175147.0279,-0.1745
1762175147.1823,-0.1767
1762175147.3593,-0.1767
1762175147.5131,-0.1767
1762175147.6674,-0.1800
1762175147.8349,-0.1854
1762175147.9897,-0.1854
1762175148.1660,-0.1931
1762175148.3171,-0.2029
1762175148.4724,-0.2084
1762175148.6402,-0.2084
1762175148.8035,-0.2193
1762175148.9546,-0.2313
1762175149.1358,-0.2422
1762175149.2907,-0.2542
1762175149.4574,-0.2542
1762175149.6200,-0.2640
1762175149.7617,-0.2662
1762175149.9298,-0.2662
1762175150.0842,-0.2662
1762175150.2611,-0.2662
1762175150.4065,-0.2607
1762175150.5848,-0.2542
1762175150.7384,-0.2542
1762175150.9040,-0.2509
1762175151.0484,-0.2509
1762175151.2196,-0.2531
1762175151.3731,-0.2531
1762175151.5403,-0.2498
1762175151.7021,-0.2443
1762175151.8530,-0.2378
1762175152.0052,-0.2378
1762175152.1756,-0.2334
1762175152.3333,-0.2280
1762175152.4971,-0.2225
1762175152.6566,-0.2225
1762175152.8188,-0.2214
1762175152.9739,-0.2225
1762175153.1373,-0.2214
1762175153.3024,-0.2214
1762175153.4578,-0.2171
1762175153.6225,-0.2105
1762175153.7833,-0.2007
1762175153.9379,-0.2007
1762175154.1039,-0.1942
1762175154.2721,-0.1909
1762175154.4207,-0.1909
1762175154.5868,-0.1909
1762175154.7433,-0.1887
1762175154.9057,-0.1931
1762175155.0697,-0.1996
1762175155.2400,-0.1996
1762175155.3973,-0.2062
1762175155.5500,-0.2094
1762175155.7052,-0.2094
1762175155.8665,-0.2094
1762175156.0303,-0.2094
1762175156.1974,-0.2127
1762175156.3420,-0.2138
1762175156.5019,-0.2138
1762175156.6763,-0.2160
1762175156.8269,-0.2193
1762175157.0016,-0.2214
1762175157.1422,-0.2214
1762175157.3105,-0.2214
1762175157.4691,-0.2214
1762175157.6222,-0.2203
1762175157.8023,-0.2203
1762175157.9625,-0.2127
1762175158.1198,-0.2084
1762175158.2729,-0.2029
1762175158.4271,-0.2029
1762175158.6025,-0.1974
1762175158.7554,-0.1909
1762175158.9031,-0.1833
1762175159.0830,-0.1833
1762175159.2436,-0.1745
1762175159.3900,-0.1669
1762175159.5647,-0.1669
1762175159.7183,-0.1669
1762175159.8731,-0.1636
1762175160.0514,-0.1582
1762175160.2052,-0.1484
1762175160.3642,-0.1484
1762175160.5278,-0.1385
1762175160.6868,-0.1276
1762175160.8419,-0.1200
1762175160.9954,-0.1200
1762175161.1656,-0.1145
1762175161.3194,-0.1102
1762175161.4732,-0.1058
1762175161.6534,-0.1058
1762175161.8085,-0.1014
1762175161.9696,-0.0982
1762175162.1234,-0.0982
1762175162.2830,-0.0982
1762175162.4367,-0.0982
1762175162.6141,-0.0982
1762175162.7769,-0.0993
1762175162.9311,-0.0993
1762175163.0999,-0.0971
1762175163.2523,-0.0927
1762175163.4053,-0.0894
1762175163.5851,-0.0894
1762175163.7479,-0.0829
1762175163.9019,-0.0731
1762175164.0525,-0.0589
1762175164.2278,-0.0589
1762175164.3811,-0.0447
1762175164.5363,-0.0382
1762175164.6991,-0.0338
1762175164.8601,-0.0338
1762175165.0358,-0.0273
1762175165.1895,-0.0164
1762175165.3423,-0.0087
1762175165.5216,-0.0054
1762175165.6752,-0.0054
1762175165.8301,-0.0022
1762175166.0066,-0.0022
1762175166.1612,-0.0022
1762175166.3190,-0.0022
1762175166.4722,0.0000
1762175166.6369,0.0044
1762175166.7944,0.0076
1762175166.9551,0.0076
1762175167.1294,0.0120
1762175167.2834,0.0196
1762175167.4617,0.0284
1762175167.6059,0.0284
1762175167.7687,0.0360
1762175167.9469,0.0469
1762175168.1064,0.0567
1762175168.2468,0.0567
1762175168.4277,0.0676
1762175168.5712,0.0785
1762175168.7418,0.0884
1762175168.8992,0.0884
1762175169.0631,0.1004
1762175169.2184,0.1134
1762175169.3989,0.1265
1762175169.5532,0.1353
1762175169.7219,0.1353
1762175169.8765,0.1462
1762175170.0383,0.1527
1762175170.1845,0.1593
1762175170.3607,0.1593
1762175170.5229,0.1680
1762175170.6788,0.1680
1762175170.8519,0.1669
1762175170.9920,0.1669
1762175171.1531,0.1691
1762175171.3310,0.1647
1762175171.4855,0.1549
1762175171.6570,0.1549
1762175171.8125,0.1451
1762175171.9740,0.1353
1762175172.1229,0.1298
1762175172.2970,0.1298
1762175172.4559,0.1276
1762175172.6181,0.1255
1762175172.7728,0.1211
1762175172.9438,0.1156
1762175173.1069,0.1156
1762175173.2610,0.1124
1762175173.4141,0.1069
1762175173.5750,0.1025
1762175173.7408,0.1025
1762175173.8952,0.0993
1762175174.0723,0.0938
1762175174.2170,0.0894
1762175174.3946,0.0894
1762175174.5385,0.0884
1762175174.7175,0.0862
1762175174.8656,0.0862
1762175175.0345,0.0862
1762175175.2005,0.0851
1762175175.3538,0.0818
1762175175.5071,0.0807
1762175175.6753,0.0807
1762175175.8374,0.0720
1762175175.9951,0.0644
1762175176.1606,0.0567
1762175176.3163,0.0480
1762175176.4821,0.0480
1762175176.6515,0.0447
1762175176.7982,0.0404
1762175176.9726,0.0404
1762175177.1255,0.0316
1762175177.2898,0.0240
1762175177.4418,0.0175
1762175177.6032,0.0175
1762175177.7596,0.0120
1762175177.9229,0.0033
1762175178.0769,-0.0033
1762175178.2405,-0.0033
1762175178.4183,-0.0054
1762175178.5729,-0.0044
1762175178.7273,-0.0044
1762175178.8847,-0.0044
1762175179.0623,-0.0076
1762175179.2119,-0.0131
1762175179.3636,-0.0185
1762175179.5265,-0.0185
1762175179.6975,-0.0218
1762175179.8519,-0.0229
1762175180.0055,-0.0229
1762175180.1859,-0.0229
1762175180.3466,-0.0240
1762175180.5093,-0.0240
1762175180.6638,-0.0262
1762175180.8295,-0.0294
1762175180.9781,-0.0294
1762175181.1520,-0.0316
1762175181.3063,-0.0349
1762175181.4697,-0.0349
1762175181.6247,-0.0349
1762175181.7803,-0.0371
1762175181.9579,-0.0404
1762175182.1142,-0.0436
1762175182.2794,-0.0436
1762175182.4333,-0.0480
1762175182.5873,-0.0480
1762175182.7658,-0.0480
1762175182.9223,-0.0469
1762175183.0775,-0.0469
1762175183.2553,-0.0480
1762175183.4090,-0.0545
1762175183.5626,-0.0545
1762175183.7162,-0.0633
1762175183.8869,-0.0731
1762175184.0384,-0.0796
1762175184.2123,-0.0796
1762175184.3698,-0.0862
1762175184.5239,-0.0905
1762175184.6962,-0.0905
1762175184.8508,-0.0927
1762175185.0160,-0.0960
1762175185.1703,-0.0982
1762175185.3412,-0.0982
1762175185.5038,-0.0982
1762175185.6729,-0.0993
1762175185.8240,-0.0971
1762175185.9769,-0.0971
1762175186.1540,-0.0971
1762175186.3129,-0.0927
1762175186.4672,-0.0927
1762175186.6276,-0.0927
1762175186.7819,-0.0927
1762175186.9466,-0.0883
1762175187.1056,-0.0840
1762175187.2596,-0.0807
1762175187.4382,-0.0807
1762175187.5991,-0.0807
1762175187.7529,-0.0796
1762175187.9033,-0.0774
1762175188.0761,-0.0774
1762175188.2267,-0.0774
1762175188.3842,-0.0742
1762175188.5543,-0.0742
1762175188.7060,-0.0720
1762175188.8691,-0.0655
1762175189.0465,-0.0611
1762175189.1973,-0.0600
1762175189.3528,-0.0600
1762175189.5231,-0.0633
1762175189.6775,-0.0644
1762175189.8301,-0.0687
1762175189.9863,-0.0687
1762175190.1639,-0.0720
1762175190.3179,-0.0753
1762175190.4888,-0.0807
1762175190.6369,-0.0807
1762175190.7963,-0.0905
1762175190.9774,-0.0993
1762175191.1322,-0.1058
1762175191.2861,-0.1058
1762175191.4443,-0.1091
1762175191.6081,-0.1156
1762175191.7822,-0.1189
1762175191.9280,-0.1189
1762175192.0940,-0.1244
1762175192.2477,-0.1276
1762175192.4281,-0.1276
1762175192.5745,-0.1309
1762175192.7305,-0.1309
1762175192.9018,-0.1331
1762175193.0587,-0.1363
1762175193.2210,-0.1407
1762175193.3990,-0.1407
1762175193.5532,-0.1451
1762175193.7067,-0.1516
1762175193.8602,-0.1604
1762175194.0445,-0.1604
1762175194.1987,-0.1680
1762175194.3531,-0.1735
1762175194.5221,-0.1767
1762175194.6764,-0.1767
1762175194.8296,-0.1811
1762175194.9981,-0.1865
1762175195.1544,-0.1931
1762175195.3321,-0.1931
1762175195.4878,-0.2018
1762175195.6441,-0.2073
1762175195.8169,-0.2116
1762175195.9630,-0.2116
1762175196.1434,-0.2149
1762175196.2838,-0.2182
1762175196.4612,-0.2203
1762175196.6157,-0.2225
1762175196.7685,-0.2225
1762175196.9278,-0.2258
1762175197.0948,-0.2313
1762175197.2720,-0.2378
1762175197.4268,-0.2378
1762175197.5758,-0.2443
1762175197.7547,-0.2465
1762175197.9076,-0.2498
1762175198.0734,-0.2498
1762175198.2247,-0.2520
1762175198.3796,-0.2564
1762175198.5528,-0.2618
1762175198.7067,-0.2618
1762175198.8659,-0.2716
1762175199.0288,-0.2803
1762175199.2067,-0.2858
1762175199.3530,-0.2858
1762175199.5325,-0.2869
1762175199.6716,-0.2847
1762175199.8496,-0.2814
1762175200.0029,-0.2814
1762175200.1567,-0.2803
1762175200.3261,-0.2803
1762175200.4795,-0.2803
1762175200.6379,-0.2803
1762175200.8207,-0.2803
1762175200.9746,-0.2858
1762175201.1288,-0.2934
1762175201.3062,-0.2934
1762175201.4610,-0.3011
1762175201.6145,-0.3076
1762175201.7694,-0.3142
1762175201.9470,-0.3142
1762175202.1016,-0.3174
1762175202.2548,-0.3120
1762175202.4324,-0.3065
1762175202.5745,-0.3065
1762175202.7531,-0.3054
1762175202.8965,-0.3054
1762175203.0742,-0.3033
1762175203.2199,-0.3033
1762175203.3786,-0.3043
1762175203.5336,-0.3033
1762175203.7113,-0.2989
1762175203.8758,-0.2934
1762175204.0252,-0.2934
1762175204.1899,-0.2869
1762175204.3376,-0.2814
1762175204.5163,-0.2771
1762175204.6617,-0.2771
1762175204.8267,-0.2738
1762175204.9762,-0.2694
1762175205.1577,-0.2694
1762175205.3072,-0.2596
1762175205.4627,-0.2476
1762175205.6169,-0.2356
1762175205.7806,-0.2356
1762175205.9557,-0.2291
1762175206.1188,-0.2193
1762175206.2630,-0.2084
1762175206.4395,-0.2084
1762175206.5925,-0.1985
1762175206.7472,-0.1942
1762175206.9255,-0.1942
1762175207.0801,-0.1898
1762175207.2327,-0.1811
1762175207.4102,-0.1745
1762175207.5652,-0.1702
1762175207.7174,-0.1702
1762175207.8921,-0.1691
1762175208.0395,-0.1669
1762175208.1932,-0.1614
1762175208.3575,-0.1614
1762175208.5244,-0.1571
1762175208.6825,-0.1495
1762175208.8478,-0.1440
1762175208.9993,-0.1440
1762175209.1769,-0.1451
1762175209.3323,-0.1451
1762175209.4861,-0.1440
1762175209.6418,-0.1440
1762175209.8080,-0.1396
1762175209.9867,-0.1320
1762175210.1419,-0.1222
1762175210.2997,-0.1123
1762175210.4581,-0.1123
1762175210.6329,-0.1036
1762175210.7780,-0.0971
1762175210.9551,-0.0905
1762175211.1076,-0.0905
1762175211.2674,-0.0829
1762175211.4216,-0.0764
1762175211.5912,-0.0709
1762175211.7365,-0.0709
1762175211.9001,-0.0665
1762175212.0669,-0.0633
1762175212.2304,-0.0578
1762175212.3961,-0.0578
1762175212.5496,-0.0535
1762175212.7049,-0.0480
1762175212.8816,-0.0426
1762175213.0354,-0.0426
1762175213.2001,-0.0305
1762175213.3417,-0.0196
1762175213.5031,-0.0098
1762175213.6843,-0.0098
1762175213.8382,-0.0022
1762175213.9930,0.0044
1762175214.1462,0.0109
1762175214.3150,0.0109
1762175214.4671,0.0153
1762175214.6457,0.0175
1762175214.8008,0.0186
1762175214.9577,0.0251
1762175215.1356,0.0251
1762175215.2907,0.0371
1762175215.4462,0.0491
1762175215.6209,0.0611
1762175215.7734,0.0611
1762175215.9281,0.0753
1762175216.0819,0.0851
1762175216.2603,0.0894
1762175216.4146,0.0894
1762175216.5681,0.0960
1762175216.7430,0.1047
1762175216.9086,0.1156
1762175217.0634,0.1156
1762175217.2082,0.1255
1762175217.3883,0.1353
1762175217.5369,0.1418
1762175217.7030,0.1418
1762175217.8565,0.1505
1762175218.0358,0.1593
1762175218.1905,0.1724
1762175218.3485,0.1865
1762175218.5096,0.1865
1762175218.6797,0.1985
1762175218.8345,0.2051
1762175218.9874,0.2105
1762175219.1513,0.2105
1762175219.3049,0.2149
1762175219.4578,0.2171
1762175219.6372,0.2182
1762175219.7908,0.2182
1762175219.9411,0.2214
1762175220.1188,0.2258
1762175220.2735,0.2258
1762175220.4206,0.2280
1762175220.6029,0.2313
1762175220.7558,0.2367
1762175220.9108,0.2400
1762175221.0835,0.2400
1762175221.2358,0.2433
1762175221.3898,0.2443
1762175221.5534,0.2454
1762175221.7298,0.2454
1762175221.8843,0.2411
1762175222.0389,0.2389
1762175222.2168,0.2356
1762175222.3704,0.2345
1762175222.5256,0.2345
1762175222.6871,0.2324
1762175222.8653,0.2389
1762175223.0185,0.2389
1762175223.1829,0.2400
1762175223.3440,0.2400
1762175223.5052,0.2389
1762175223.6592,0.2389
1762175223.8156,0.2356
1762175223.9835,0.2302
1762175224.1383,0.2214
1762175224.3070,0.2214
1762175224.4619,0.2105
1762175224.6402,0.2029
1762175224.7948,0.1985
1762175224.9566,0.1964
1762175225.1223,0.1964
1762175225.2769,0.1865
1762175225.4269,0.1800
1762175225.6045,0.1735
1762175225.7721,0.1735
1762175225.9204,0.1789
1762175226.0781,0.1833
1762175226.2466,0.1865
1762175226.4130,0.1865
1762175226.5696,0.1887
1762175226.7359,0.1909
1762175226.8992,0.1931
1762175227.0531,0.1931
1762175227.2058,0.1985
1762175227.3789,0.2040
1762175227.5331,0.2029
1762175227.6900,0.2029
1762175227.8613,0.2051
1762175228.0145,0.2007
1762175228.1860,0.1964
1762175228.3509,0.1964
1762175228.4876,0.1920
1762175228.6659,0.1876
1762175228.8336,0.1854
1762175228.9792,0.1800
1762175229.1512,0.1800
1762175229.3058,0.1745
1762175229.4599,0.1691
1762175229.6413,0.1636
1762175229.7951,0.1636
1762175229.9547,0.1582
1762175230.1196,0.1527
1762175230.2778,0.1418
1762175230.4320,0.1298
1762175230.6096,0.1298
1762175230.7637,0.1189
1762175230.9178,0.1058
1762175231.0962,0.1058
1762175231.2475,0.1025
1762175231.4022,0.0993
1762175231.5779,0.0884
1762175231.7458,0.0785
1762175231.8920,0.0785
1762175232.0648,0.0676
1762175232.2199,0.0600
1762175232.3744,0.0545
1762175232.5370,0.0545
1762175232.7172,0.0469
1762175232.8716,0.0393
1762175233.0262,0.0360
1762175233.1980,0.0360
1762175233.3595,0.0316
1762175233.5141,0.0295
1762175233.6827,0.0284
1762175233.8368,0.0284
1762175233.9900,0.0251
1762175234.1447,0.0240
1762175234.3240,0.0218
1762175234.4769,0.0218
1762175234.6311,0.0207
1762175234.8094,0.0164
1762175234.9674,0.0153
1762175235.1221,0.0153
1762175235.2754,0.0164
1762175235.4384,0.0153
1762175235.6161,0.0153
1762175235.7697,0.0153
1762175235.9225,0.0164
1762175236.1017,0.0164
1762175236.2596,0.0153
1762175236.4076,0.0153
1762175236.5857,0.0153
1762175236.7395,0.0142
1762175236.8935,0.0098
1762175237.0482,0.0098
1762175237.2264,0.0055
1762175237.3810,0.0022
1762175237.5344,0.0000
1762175237.7131,0.0000
1762175237.8555,-0.0022
1762175238.0344,-0.0033
1762175238.1896,-0.0065
1762175238.3503,-0.0065
1762175238.5033,-0.0109
1762175238.6801,-0.0153
1762175238.8330,-0.0229
1762175238.9882,-0.0229
1762175239.1652,-0.0294
1762175239.3202,-0.0371
1762175239.4893,-0.0480
1762175239.6293,-0.0480
1762175239.7895,-0.0524
1762175239.9677,-0.0567
1762175240.1217,-0.0600
1762175240.2747,-0.0600
1762175240.4296,-0.0633
1762175240.6067,-0.0709
1762175240.7609,-0.0764
1762175240.9200,-0.0764
1762175241.0719,-0.0829
1762175241.2498,-0.0883
1762175241.4166,-0.0938
1762175241.5713,-0.0982
1762175241.7197,-0.0982
1762175241.8865,-0.1036
1762175242.0443,-0.1102
1762175242.2073,-0.1102
1762175242.3849,-0.1102
1762175242.5419,-0.1091
1762175242.6969,-0.1091
1762175242.8505,-0.1123
1762175243.0265,-0.1123
1762175243.1868,-0.1134
1762175243.3478,-0.1145
1762175243.5021,-0.1134
1762175243.6688,-0.1134
1762175243.8123,-0.1134
1762175243.9902,-0.1123
1762175244.1430,-0.1047
1762175244.2961,-0.1047
1762175244.4701,-0.0993
1762175244.6207,-0.0971
1762175244.7900,-0.0949
1762175244.9499,-0.0938
1762175245.1035,-0.0938
1762175245.2547,-0.0905
1762175245.4310,-0.0873
1762175245.5858,-0.0829
1762175245.7390,-0.0829
1762175245.8931,-0.0829
1762175246.0641,-0.0840
1762175246.2193,-0.0829
1762175246.3846,-0.0829
1762175246.5405,-0.0851
1762175246.7176,-0.0851
1762175246.8633,-0.0829
1762175247.0242,-0.0829
1762175247.1776,-0.0840
1762175247.3499,-0.0851
1762175247.5164,-0.0873
1762175247.6617,-0.0894
1762175247.8170,-0.0894
1762175247.9952,-0.0938
1762175248.1490,-0.1004
1762175248.3153,-0.1025
1762175248.4696,-0.1025
1762175248.6233,-0.1025
1762175248.7903,-0.1025
1762175248.9439,-0.1025
1762175249.1222,-0.1036
1762175249.2728,-0.1036
1762175249.4276,-0.1047
1762175249.5934,-0.1047
1762175249.7450,-0.1047
1762175249.9218,-0.1058
1762175250.0757,-0.1091
1762175250.2328,-0.1167
1762175250.3945,-0.1167
1762175250.5509,-0.1254
1762175250.7159,-0.1407
1762175250.8773,-0.1473
1762175251.0389,-0.1473
1762175251.2006,-0.1505
1762175251.3543,-0.1549
1762175251.5160,-0.1560
1762175251.6798,-0.1560
1762175251.8420,-0.1614
1762175252.0090,-0.1691
1762175252.1683,-0.1735
1762175252.3296,-0.1789
1762175252.4912,-0.1789
1762175252.6486,-0.1833
1762175252.8132,-0.1865
1762175252.9755,-0.1887
1762175253.1235,-0.1887
1762175253.2907,-0.1909
1762175253.4527,-0.1974
1762175253.6063,-0.2007
1762175253.7854,-0.2007
1762175253.9396,-0.2084
1762175254.0940,-0.2182
1762175254.2480,-0.2280
1762175254.4135,-0.2280
1762175254.5754,-0.2345
1762175254.7291,-0.2411
1762175254.9061,-0.2498
1762175255.0534,-0.2618
1762175255.2145,-0.2618
1762175255.3812,-0.2716
1762175255.5470,-0.2836
1762175255.7034,-0.2956
1762175255.8700,-0.3065
1762175256.0304,-0.3065
1762175256.1974,-0.3152
1762175256.3559,-0.3218
1762175256.5160,-0.3272
1762175256.6782,-0.3316
1762175256.8318,-0.3316
1762175256.9948,-0.3349
1762175257.1627,-0.3382
1762175257.3218,-0.3425
1762175257.4780,-0.3469
1762175257.6515,-0.3469
1762175257.8056,-0.3512
1762175257.9733,-0.3545
1762175258.1288,-0.3567
1762175258.2940,-0.3589
1762175258.4515,-0.3589
1762175258.6212,-0.3611
1762175258.7870,-0.3622
1762175258.9399,-0.3632
1762175259.0949,-0.3643
1762175259.2722,-0.3643
1762175259.4268,-0.3643
1762175259.5741,-0.3643
1762175259.7379,-0.3643
1762175259.9177,-0.3611
1762175260.0573,-0.3611
1762175260.2301,-0.3632
1762175260.3914,-0.3643
1762175260.5690,-0.3665
1762175260.7225,-0.3698
1762175260.8777,-0.3698
1762175261.0467,-0.3741
1762175261.2018,-0.3796
1762175261.3623,-0.3872
1762175261.5271,-0.3992
1762175261.6899,-0.3992
1762175261.8555,-0.4134
1762175262.0164,-0.4298
1762175262.1717,-0.4418
1762175262.3462,-0.4581
1762175262.5015,-0.4581
1762175262.6644,-0.4712
1762175262.8243,-0.4865
1762175262.9917,-0.4974
1762175263.1446,-0.5171
1762175263.3227,-0.5171
1762175263.4788,-0.4931
1762175263.6351,-0.4691
1762175263.8036,-0.4560
1762175263.9566,-0.4560
1762175264.1243,-0.3949
1762175264.3028,-0.3316
1762175264.4556,-0.2182
1762175264.6338,-0.0709
1762175264.7831,-0.0709
1762175264.9548,0.0338
1762175265.1225,0.1276
1762175265.2770,0.1298
1762175265.4337,0.1069
1762175265.6076,0.1069
1762175265.7709,0.0949
1762175265.9338,0.0938
1762175266.0885,0.1036
1762175266.2556,0.1036
1762175266.4131,0.0905
1762175266.5803,0.0905
1762175266.7575,0.0796
1762175266.9110,0.0665
1762175267.0698,0.0545
1762175267.2282,0.0469
1762175267.3831,0.0469
1762175267.5609,0.0382
1762175267.7180,0.0295
1762175267.8715,0.0262
1762175268.0474,0.0251
1762175268.2011,0.0251
1762175268.3555,0.0556
1762175268.5260,0.1244
1762175268.7010,0.1778
1762175268.8524,0.1778
1762175269.0050,0.1735
1762175269.1784,0.1735
1762175269.3358,0.1822
1762175269.5037,0.1953
1762175269.6588,0.2422
1762175269.8191,0.2902
1762175269.9805,0.2902
1762175270.1571,0.3000
1762175270.3228,0.2934
1762175270.4787,0.2891
1762175270.6316,0.2891
1762175270.8105,0.2825
1762175270.9657,0.2749
1762175271.1191,0.2651
1762175271.2964,0.2651
1762175271.4514,0.2574
1762175271.6124,0.2531
1762175271.7703,0.2487
1762175271.9371,0.2487
1762175272.0924,0.2487
1762175272.2543,0.2531
1762175272.4234,0.2574
1762175272.5789,0.2607
1762175272.7416,0.2640
1762175272.8996,0.2640
1762175273.0674,0.2673
1762175273.2354,0.2716
1762175273.3902,0.2760
1762175273.5525,0.2760
1762175273.7172,0.2760
1762175273.8784,0.2760
1762175274.0343,0.2760
1762175274.1936,0.2760
1762175274.3714,0.2760
1762175274.5290,0.2760
1762175274.6828,0.2760
1762175274.8417,0.2760
1762175275.0148,0.2760
1762175275.1712,0.2760
1762175275.3308,0.2760
