ros_time_s,Lidar_Left
1762168438.5159,1.1255
1762168438.7944,1.1129
1762168439.0807,1.1184
1762168439.3057,1.1446
1762168439.5267,1.1250
1762168439.7563,1.1256
1762168439.9490,1.0989
1762168440.1465,1.0957
1762168440.3498,1.1193
1762168440.5295,1.1156
1762168440.7115,1.1349
1762168440.9034,1.1227
1762168441.0834,1.1409
1762168441.2631,1.1112
1762168441.4415,1.1179
1762168441.6044,1.1008
1762168441.7801,1.1274
1762168441.9509,1.1168
1762168442.1272,1.1287
1762168442.2850,1.0919
1762168442.4594,1.1022
1762168442.6241,1.0916
1762168442.8110,1.1145
1762168442.9841,1.0794
1762168443.1520,1.1161
1762168443.3054,1.0813
1762168443.4853,1.1193
1762168443.6633,1.1320
1762168443.8185,1.0923
1762168444.0031,1.0894
1762168444.1704,1.0734
1762168444.3378,1.0874
1762168444.5162,1.0759
1762168444.6712,1.0755
1762168444.8491,1.0789
1762168445.0032,1.0945
1762168445.1831,1.1021
1762168445.3614,1.0712
1762168445.5149,1.0920
1762168445.6948,1.0787
1762168445.8727,1.0540
1762168446.0271,1.0842
1762168446.2069,1.0674
1762168446.3857,1.0821
1762168446.5390,1.0894
1762168446.7048,1.0881
1762168446.8704,1.0871
1762168447.0616,1.0853
1762168447.2234,1.0798
1762168447.3810,1.1086
1762168447.5610,1.0860
1762168447.7140,1.1029
1762168447.8927,1.1035
1762168448.0741,1.0881
1762168448.2309,1.1084
1762168448.4086,1.0962
1762168448.5679,1.0790
1762168448.7464,1.0560
1762168448.9039,1.0681
1762168449.0723,1.0631
1762168449.2510,1.0884
1762168449.4050,1.1075
1762168449.5831,1.1198
1762168449.7387,1.1277
1762168449.9170,1.1158
1762168450.0881,1.1318
1762168450.2662,1.1245
1762168450.4211,1.1167
1762168450.5999,1.1261
1762168450.7533,1.1185
1762168450.9326,1.1233
1762168451.1047,1.1356
1762168451.2828,1.1453
1762168451.4366,1.0994
1762168451.5988,1.1195
1762168451.7786,1.1114
1762168451.9548,1.0935
1762168452.1274,1.1050
1762168452.2726,1.1220
1762168452.4509,1.1002
1762168452.6300,1.1001
1762168452.7909,1.0938
1762168452.9695,1.1180
1762168453.1244,1.0922
1762168453.3023,1.1106
1762168453.4563,1.1157
1762168453.6385,1.0977
1762168453.7942,1.0912
1762168453.9723,1.1053
1762168454.1361,1.1048
1762168454.3148,1.0942
1762168454.4695,1.1095
1762168454.6469,1.0699
1762168454.8022,1.0809
1762168454.9806,1.1059
1762168455.1349,1.0865
1762168455.3131,1.0824
1762168455.4708,1.0676
1762168455.6479,1.0483
1762168455.8265,1.0815
1762168455.9804,1.0933
1762168456.1547,1.0792
1762168456.3244,1.0987
1762168456.4789,1.1133
1762168456.6561,1.1199
1762168456.8117,1.0782
1762168456.9882,1.1178
1762168457.1455,1.0901
1762168457.3245,1.0940
1762168457.4796,1.0879
1762168457.6565,1.1101
1762168457.8315,1.0920
1762168458.0002,1.0889
1762168458.1550,1.1119
1762168458.3338,1.1041
1762168458.4880,1.0847
1762168458.6668,1.0946
1762168458.8219,1.0914
1762168459.0002,1.1139
1762168459.1490,1.1135
1762168459.3288,1.0928
1762168459.4908,1.1114
1762168459.6741,1.0680
1762168459.8277,1.1064
1762168460.0052,1.0791
1762168460.1607,1.0607
1762168460.3397,1.0853
1762168460.4944,1.0807
1762168460.6726,1.0750
1762168460.8511,1.1147
1762168461.0170,1.0939
1762168461.1722,1.1006
1762168461.3584,1.0886
1762168461.5045,1.0948
1762168461.6947,1.0792
1762168461.8482,1.0707
1762168462.0175,1.0866
1762168462.1956,1.0815
1762168462.3491,1.0865
1762168462.5208,1.0986
1762168462.6999,1.0927
1762168462.8785,1.0967
1762168463.0323,1.0863
1762168463.2105,1.1057
1762168463.3597,1.0969
1762168463.5299,1.0648
1762168463.6997,1.1194
1762168463.8859,1.1079
1762168464.0537,1.0833
1762168464.2081,1.1011
1762168464.3863,1.0832
1762168464.5478,1.1029
1762168464.7267,1.1056
1762168464.8827,1.1118
1762168465.0594,1.1016
1762168465.2137,1.1062
1762168465.3936,1.1009
1762168465.5475,1.0892
1762168465.7281,1.0985
1762168465.8854,1.0959
1762168466.0609,1.0890
1762168466.2411,1.0723
1762168466.3948,1.1037
1762168466.5750,1.1089
1762168466.7424,1.1127
1762168466.8983,1.1227
1762168467.0666,1.0833
1762168467.2449,1.0961
1762168467.4008,1.1101
1762168467.5793,1.1104
1762168467.7562,1.1195
1762168467.9113,1.1171
1762168468.0759,1.0895
1762168468.2544,1.1023
1762168468.4095,1.1018
1762168468.5874,1.1019
1762168468.7661,1.0737
1762168468.9186,1.0978
1762168469.0988,1.0842
1762168469.2545,1.0796
1762168469.4318,1.0630
1762168469.6100,1.0622
1762168469.7640,1.0728
1762168469.9438,1.0940
1762168470.0997,1.0870
1762168470.2786,1.0747
1762168470.5135,1.0708
1762168470.6943,1.0624
1762168470.8725,1.0775
1762168471.0265,1.1116
1762168471.2048,1.0766
1762168471.3566,1.1310
1762168471.5326,1.1008
1762168471.7107,1.0965
1762168471.8646,1.0976
1762168472.0434,1.0840
1762168472.1980,1.0728
1762168472.3801,1.1125
1762168472.5339,1.0952
1762168472.7005,1.0868
1762168472.8798,1.1148
1762168473.0531,1.1158
1762168473.2070,1.1121
1762168473.3929,1.1137
1762168473.5485,1.1126
1762168473.7302,1.1166
1762168473.8960,1.0743
1762168474.0488,1.0907
1762168474.2240,1.0814
1762168474.3984,1.0753
1762168474.5536,1.1093
1762168474.7329,1.1109
1762168474.8916,1.0786
1762168475.0576,1.0875
1762168475.2419,1.0661
1762168475.4010,1.0784
1762168475.5601,1.0686
1762168475.7411,1.0711
1762168475.8948,1.1004
1762168476.0653,1.0534
1762168476.2436,1.0861
1762168476.3990,1.0930
1762168476.5778,1.1064
1762168476.7326,1.0714
1762168476.9113,1.0687
1762168477.0847,1.1151
1762168477.2379,1.0807
1762168477.4165,1.0816
1762168477.5943,1.0865
1762168477.7439,1.0950
1762168477.9244,1.1101
1762168478.1003,1.0990
1762168478.2545,1.0904
1762168478.4344,1.0815
1762168478.5892,1.0769
1762168478.7682,1.0682
1762168478.9276,1.0917
1762168479.1056,1.0876
1762168479.2601,1.0752
1762168479.4395,1.0865
1762168479.5947,1.1095
1762168479.7816,1.0966
1762168479.9349,1.0924
1762168480.1073,1.1040
1762168480.2668,1.1062
1762168480.4462,1.1258
1762168480.6231,1.1094
1762168480.7761,1.1107
1762168480.9399,1.1240
1762168481.1041,1.1083
1762168481.2864,1.1122
1762168481.4387,1.1013
1762168481.6202,1.0867
1762168481.7977,1.1082
1762168481.9525,1.1099
1762168482.1319,1.0954
1762168482.2853,1.1264
1762168482.4637,1.1292
1762168482.6268,1.0891
1762168482.8054,1.0921
1762168482.9597,1.1127
1762168483.1269,1.1155
1762168483.2957,1.0917
1762168483.4690,1.0962
1762168483.6476,1.0853
1762168483.8008,1.0900
1762168483.9683,1.1085
1762168484.1421,1.0995
1762168484.2966,1.0960
1762168484.4749,1.0953
1762168484.6535,1.0846
1762168484.8084,1.0952
1762168484.9694,1.0888
1762168485.1478,1.1007
1762168485.3015,1.0793
1762168485.4783,1.0923
1762168485.6553,1.0834
1762168485.8099,1.0890
1762168485.9907,1.0914
1762168486.1583,1.0774
1762168486.3335,1.0686
1762168486.4986,1.0907
1762168486.6671,1.0789
1762168486.8280,1.0713
1762168486.9827,1.1011
1762168487.1646,1.0677
1762168487.3244,1.0780
1762168487.5018,1.0666
1762168487.6548,1.0744
1762168487.8212,1.0991
1762168487.9961,1.0567
1762168488.1586,1.1218
1762168488.3326,1.0677
1762168488.5123,1.1090
1762168488.6614,1.1085
1762168488.8494,1.0765
1762168489.0032,1.0923
1762168489.1721,1.0761
1762168489.3501,1.0948
1762168489.5053,1.0521
1762168489.6877,1.1114
1762168489.8413,1.0777
1762168490.0190,1.0895
1762168490.1837,1.1019
1762168490.3379,1.1125
1762168490.5236,1.0550
1762168490.6765,1.1055
1762168490.8559,1.1064
1762168491.0096,1.1113
1762168491.1966,1.1068
1762168491.3501,1.1127
1762168491.5296,1.1155
1762168491.6846,1.1096
1762168491.8690,1.0876
1762168492.0238,1.0748
1762168492.1902,1.1238
1762168492.3704,1.1061
1762168492.5234,1.0862
1762168492.7022,1.0972
1762168492.8554,1.0927
1762168493.0355,1.1178
1762168493.2148,1.1009
1762168493.3676,1.0887
1762168493.5460,1.0817
1762168493.6999,1.1044
1762168493.8794,1.0814
1762168494.0351,1.0841
1762168494.2125,1.0806
1762168494.3915,1.0746
1762168494.5458,1.0460
1762168494.7062,1.0830
1762168494.8948,1.0457
1762168495.0494,1.0483
1762168495.2195,1.0666
1762168495.3806,1.0708
1762168495.5528,1.0571
1762168495.7330,1.0718
1762168495.8990,1.0600
1762168496.0528,1.0440
1762168496.2340,1.0574
1762168496.3881,1.0537
1762168496.5656,1.0814
1762168496.7305,1.0615
1762168496.8928,1.0820
1762168497.0600,1.0991
1762168497.2403,1.1000
1762168497.3935,1.1052
1762168497.5821,1.1067
1762168497.7372,1.1228
1762168497.9138,1.0689
1762168498.0710,1.1158
1762168498.2407,1.0946
1762168498.4087,1.1091
1762168498.5829,1.1046
1762168498.7384,1.1060
1762168498.9155,1.0908
1762168499.0745,1.0897
1762168499.2514,1.1061
1762168499.4194,1.0763
1762168499.5886,1.1272
1762168499.7479,1.1283
1762168499.9271,1.0982
1762168500.0842,1.0912
1762168500.2625,1.0866
1762168500.4168,1.1041
1762168500.6000,1.0970
1762168500.7485,1.1122
1762168500.9162,1.1106
1762168501.0930,1.0772
1762168501.2694,1.0814
1762168501.4299,1.1148
1762168501.5839,1.1367
1762168501.7599,1.0689
1762168501.9315,1.0944
1762168502.0963,1.1077
1762168502.2566,1.1080
1762168502.4244,1.1201
1762168502.5897,1.1044
1762168502.7571,1.1073
1762168502.9248,1.0823
1762168503.0978,1.0784
1762168503.2655,1.0811
1762168503.4335,1.0864
1762168503.5932,1.0591
1762168503.7634,1.0782
1762168503.9409,1.0697
1762168504.0943,1.0941
1762168504.2749,1.0914
1762168504.4431,1.0798
1762168504.5969,1.0877
1762168504.7727,1.0703
1762168504.9364,1.0660
1762168505.1111,1.0855
1762168505.2709,1.0930
1762168505.4444,1.0891
1762168505.5997,1.0697
1762168505.7712,1.0632
1762168505.9424,1.1037
1762168506.1134,1.0812
1762168506.2745,1.1091
1762168506.4428,1.1033
1762168506.6104,1.1324
1762168506.7729,1.0905
1762168506.9520,1.1361
1762168507.1220,1.0904
1762168507.2886,1.1100
1762168507.4519,1.1030
1762168507.6202,1.1058
1762168507.7896,1.0754
1762168507.9677,1.1062
1762168508.1233,1.1068
1762168508.3006,1.1243
1762168508.4621,1.1246
1762168508.6394,1.1032
1762168508.7920,1.1072
1762168508.9696,1.0841
1762168509.1399,1.1137
1762168509.2938,1.1261
1762168509.4735,1.1238
1762168509.6281,1.1028
1762168509.8077,1.0902
1762168509.9779,1.0824
1762168510.1314,1.1088
1762168510.3107,1.0871
1762168510.4887,1.0634
1762168510.6430,1.0982
1762168510.8022,1.1032
1762168510.9813,1.0946
1762168511.1367,1.0765
1762168511.3069,1.0619
1762168511.4760,1.1037
1762168511.6432,1.1018
1762168511.8219,1.0541
1762168511.9772,1.0812
1762168512.1449,1.0636
1762168512.3128,1.0789
1762168512.4808,1.0770
1762168512.6611,1.1003
1762168512.8311,1.0730
1762168512.9856,1.0870
1762168513.1569,1.0929
1762168513.3128,1.1023
1762168513.4883,1.1261
1762168513.6508,1.1113
1762168513.8200,1.1221
1762168513.9922,1.1017
1762168514.1738,1.1196
1762168514.3425,1.1229
1762168514.4896,1.0993
1762168514.6825,1.1005
1762168514.8447,1.0950
1762168514.9995,1.1181
1762168515.1790,1.1017
1762168515.3524,1.0912
1762168515.4995,1.0748
1762168515.6785,1.1066
1762168515.8519,1.1271
1762168516.0057,1.0997
1762168516.1861,1.1164
1762168516.3403,1.1418
1762168516.5185,1.1133
1762168516.6915,1.1093
1762168516.8446,1.1106
1762168517.0255,1.1001
1762168517.1808,1.0956
1762168517.3628,1.0977
1762168517.5167,1.0938
1762168517.7053,1.0644
1762168517.8667,1.0682
1762168518.0203,1.0568
1762168518.2025,1.0588
1762168518.3576,1.0466
1762168518.5369,1.0558
1762168518.6896,1.0683
1762168518.8695,1.0618
1762168519.0470,1.0708
1762168519.2024,1.0722
1762168519.3677,1.0743
1762168519.5467,1.0768
1762168519.7029,1.1100
1762168519.8831,1.0849
1762168520.0347,1.0776
1762168520.2185,1.1201
1762168520.3758,1.1184
1762168520.5532,1.1063
1762168520.7207,1.0844
1762168520.8756,1.0882
1762168521.0413,1.1333
1762168521.2025,1.1008
1762168521.3778,1.1242
1762168521.5517,1.1286
1762168521.7104,1.1146
1762168521.8777,1.1256
1762168522.0385,1.1060
1762168522.2139,1.1031
1762168522.3792,1.1014
1762168522.5516,1.1312
1762168522.7089,1.1266
1762168522.8777,1.1201
1762168523.0511,1.1157
1762168523.2043,1.1104
1762168523.3843,1.1248
1762168523.5623,1.1114
1762168523.7179,1.1074
1762168523.8866,1.1318
1762168524.0661,1.1414
1762168524.2191,1.1200
1762168524.3970,1.0829
1762168524.5523,1.1272
1762168524.7338,1.1533
1762168524.8873,1.1056
1762168525.0606,1.0923
1762168525.2390,1.0964
1762168525.3837,1.0875
1762168525.5556,1.0771
1762168525.7229,1.0670
1762168525.9016,1.0687
1762168526.0561,1.1166
1762168526.2378,1.0609
1762168526.4098,1.1048
1762168526.5649,1.0983
1762168526.7341,1.0831
1762168526.9129,1.0940
1762168527.0673,1.0966
1762168527.2249,1.0907
1762168527.3911,1.0872
1762168527.5700,1.0899
1762168527.7487,1.0972
1762168527.9014,1.1025
1762168528.0814,1.1096
1762168528.2430,1.1027
1762168528.3962,1.0980
1762168528.5766,1.1059
1762168528.7343,1.0941
1762168528.9150,1.1022
1762168529.0743,1.0979
1762168529.2530,1.0974
1762168529.4074,1.1215
1762168529.5659,1.0929
1762168529.7438,1.0622
1762168529.8984,1.0949
1762168530.0784,1.0942
1762168530.2390,1.1274
1762168530.4185,1.1284
1762168530.5788,1.0771
1762168530.7334,1.1317
1762168530.9113,1.1325
1762168531.0731,1.0999
1762168531.2459,1.1420
1762168531.4151,1.0987
1762168531.5923,1.1016
1762168531.7482,1.1056
1762168531.9264,1.1037
1762168532.0799,1.1075
1762168532.2598,1.1333
1762168532.4128,1.0803
1762168532.5868,1.0857
1762168532.7406,1.0771
1762168532.9205,1.0927
1762168533.0807,1.0921
1762168533.2585,1.0884
1762168533.4244,1.0591
1762168533.5784,1.0505
1762168533.7557,1.0610
1762168533.9256,1.0446
1762168534.0800,1.0624
1762168534.2588,1.0515
1762168534.4244,1.0534
1762168534.5794,1.0595
1762168534.7566,1.0958
1762168534.9241,1.0576
1762168535.0925,1.0728
1762168535.2568,1.0743
1762168535.4354,1.0566
1762168535.5902,1.0716
1762168535.7698,1.0839
1762168535.9295,1.0886
1762168536.1080,1.0917
1762168536.2707,1.0768
1762168536.4258,1.0910
1762168536.6025,1.0750
1762168536.7557,1.0916
1762168536.9349,1.0992
1762168537.0877,1.0975
1762168537.2683,1.1038
1762168537.4363,1.0808
1762168537.6030,1.1054
1762168537.7571,1.0819
1762168537.9359,1.0706
1762168538.0949,1.0957
1762168538.2726,1.1109
1762168538.4282,1.1206
1762168538.5934,1.1171
1762168538.7776,1.1129
1762168538.9484,1.0646
1762168539.1023,1.0653
1762168539.2770,1.0613
1762168539.4432,1.0569
1762168539.6117,1.1046
1762168539.7741,1.0724
1762168539.9329,1.0654
1762168540.1052,1.0833
1762168540.2652,1.0834
1762168540.4438,1.1003
1762168540.5970,1.1081
1762168540.7709,1.1175
1762168540.9338,1.1029
1762168541.1149,1.0862
1762168541.2627,1.1263
1762168541.4399,1.1010
1762168541.6085,1.0665
1762168541.7616,1.0892
1762168541.9483,1.0779
1762168542.0976,1.0937
1762168542.2575,1.1022
1762168542.4352,1.1288
1762168542.5925,1.1099
1762168542.7575,1.1139
1762168542.9363,1.1351
1762168543.0915,1.1436
1762168543.2701,1.1051
1762168543.4249,1.1380
1762168543.5898,1.1059
1762168543.7686,1.1267
1762168543.9398,1.1012
1762168544.0899,1.1083
1762168544.2695,1.1226
1762168544.4237,1.0992
1762168544.6020,1.1222
1762168544.7512,1.1052
1762168544.9241,1.1168
1762168545.1023,1.0921
1762168545.2568,1.0999
1762168545.4240,1.1066
1762168545.6015,1.1153
1762168545.7554,1.1035
1762168545.9116,1.1097
1762168546.0891,1.0887
1762168546.2479,1.1201
1762168546.4262,1.1120
1762168546.5799,1.0961
1762168546.7593,1.1056
1762168546.9149,1.1302
1762168547.0916,1.0882
1762168547.2470,1.0933
1762168547.4244,1.0732
1762168547.5777,1.0790
1762168547.7577,1.0816
1762168547.9016,1.0893
1762168548.0806,1.0554
1762168548.2342,1.0567
1762168548.4132,1.0794
1762168548.5646,1.0722
1762168548.7434,1.0821
1762168548.9019,1.0669
1762168549.0792,1.0866
1762168549.2522,1.0852
1762168549.4124,1.1107
1762168549.5663,1.0775
1762168549.7448,1.1098
1762168549.8994,1.0921
1762168550.0774,1.0869
1762168550.2309,1.0866
1762168550.4105,1.1105
1762168550.5812,1.0879
1762168550.7305,1.1054
1762168550.9081,1.0854
1762168551.0634,1.0977
1762168551.2413,1.1015
1762168551.4083,1.0909
1762168551.5801,1.0974
1762168551.7335,1.1226
1762168551.9073,1.0871
1762168552.0649,1.1035
1762168552.2314,1.0892
1762168552.4121,1.1187
1762168552.5653,1.1089
1762168552.7448,1.1081
1762168552.9147,1.1108
1762168553.0666,1.1163
1762168553.2323,1.1228
1762168553.4114,1.1305
1762168553.5667,1.1107
1762168553.7450,1.1895
1762168553.8999,1.1870
1762168554.0797,1.2077
1762168554.2416,1.1977
1762168554.4073,1.1234
1762168554.5924,1.1099
1762168554.7482,1.1042
1762168554.9263,1.1095
1762168555.0868,1.0524
1762168555.2422,1.0646
1762168555.4271,1.0209
1762168555.5930,1.0326
1762168555.7506,1.0240
1762168555.9058,1.0453
1762168556.0923,0.9944
1762168556.2461,1.0584
1762168556.4259,1.0399
1762168556.5787,1.0427
1762168556.7558,1.0881
1762168556.9225,0.9971
1762168557.0768,1.0193
1762168557.2557,1.0256
1762168557.4110,1.0170
1762168557.5801,1.0426
1762168557.7576,1.0468
1762168557.9269,1.0710
1762168558.0833,1.0526
1762168558.2376,1.0512
1762168558.4170,1.0556
1762168558.5701,1.0361
1762168558.7496,1.0525
1762168558.9031,1.0578
1762168559.0859,1.0478
1762168559.2474,1.0509
1762168559.4102,1.0548
1762168559.5759,1.0093
1762168559.7410,1.0493
1762168559.9218,1.0307
1762168560.0804,1.0281
1762168560.2383,1.0503
1762168560.4179,1.0326
1762168560.5706,1.0376
1762168560.7532,1.0404
1762168560.9060,1.0540
1762168561.0845,1.0703
1762168561.2400,1.0595
1762168561.4183,1.0795
1762168561.5712,1.0584
1762168561.7388,1.0713
1762168561.9033,1.0376
1762168562.0699,1.0651
1762168562.2493,1.0678
1762168562.4151,1.0824
1762168562.5732,1.0711
1762168562.7528,1.0616
1762168562.9136,1.0906
1762168563.0784,1.0501
1762168563.2311,1.0690
1762168563.4047,1.0724
1762168563.5830,1.0962
1762168563.7365,1.0958
1762168563.9098,1.1363
1762168564.0634,1.0578
1762168564.2417,1.0786
1762168564.3950,1.0971
1762168564.5741,1.0673
1762168564.7285,1.1192
1762168564.9072,1.1295
1762168565.0620,1.0981
1762168565.2415,1.1060
1762168565.3951,1.1165
1762168565.5737,1.0800
1762168565.7281,1.0591
1762168565.9024,1.0595
1762168566.0808,1.1370
1762168566.2334,1.0866
1762168566.3879,1.1007
1762168566.5705,1.1124
1762168566.7335,1.1179
1762168566.8937,1.1045
1762168567.0759,1.1169
1762168567.2334,1.1251
1762168567.3869,1.0627
1762168567.5554,1.1133
1762168567.7343,1.0851
1762168567.9003,1.1237
1762168568.0655,1.1079
1762168568.2214,1.1044
1762168568.4039,1.1444
1762168568.5545,1.1737
1762168568.7370,1.1075
1762168568.9036,1.1033
1762168569.0558,1.0819
1762168569.2217,1.1454
1762168569.4034,1.2083
1762168569.5530,1.2033
1762168569.7410,1.1589
1762168569.9044,1.1814
1762168570.0560,1.1642
1762168570.2420,1.1609
1762168570.4064,1.1753
1762168570.5775,1.1868
1762168570.7545,1.2074
1762168570.9328,1.1546
1762168571.1015,1.1714
1762168571.2785,1.1342
1762168571.4568,1.0527
1762168571.6119,1.0393
1762168571.8094,1.1225
1762168571.9647,1.1319
1762168572.1438,1.2098
1762168572.3170,1.1893
1762168572.5033,1.0914
1762168572.6775,1.3095
1762168572.8538,1.3165
1762168573.0064,1.3686
1762168573.1852,1.2653
1762168573.3651,1.1556
1762168573.5188,1.0822
1762168573.6964,1.0706
1762168573.8740,1.1568
1762168574.0291,1.0318
1762168574.2099,1.0623
1762168574.3737,1.0079
1762168574.5521,1.0081
1762168574.7057,1.0145
1762168574.8971,1.0106
1762168575.0499,0.9910
1762168575.2277,1.0719
1762168575.3905,0.9956
1762168575.5603,1.0261
1762168575.7193,1.0996
1762168575.8982,1.1188
1762168576.0747,1.1357
1762168576.2304,0.9091
1762168576.4090,1.1002
1762168576.5640,1.0373
1762168576.7422,0.9312
1762168576.8962,0.8808
1762168577.0738,1.0829
1762168577.2275,1.1147
1762168577.4068,1.1183
1762168577.5876,1.1448
1762168577.7413,1.0590
1762168577.9191,1.0518
1762168578.0731,1.0693
1762168578.2608,1.0987
1762168578.4232,1.2358
1762168578.6029,1.1554
1762168578.7575,1.1832
1762168578.9174,1.1032
1762168579.0921,1.2302
1762168579.2684,1.2785
1762168579.4404,1.2436
1762168579.6051,1.1901
1762168579.7657,1.1935
1762168579.9470,1.1468
1762168580.0983,1.2554
1762168580.2746,1.2200
1762168580.4548,1.1852
1762168580.6198,1.1787
1762168580.7704,1.0646
1762168580.9499,1.0264
1762168581.1234,0.9203
1762168581.2980,0.9854
1762168581.4543,0.8200
1762168581.6335,0.8464
1762168581.8135,0.9860
1762168581.9822,0.7583
1762168582.1500,0.9818
1762168582.3272,1.1130
1762168582.4839,0.8939
1762168582.6625,0.9329
1762168582.8397,1.0395
1762168582.9954,0.9308
1762168583.1737,0.9588
1762168583.3272,1.0395
1762168583.5060,1.0610
1762168583.6838,1.0840
1762168583.8399,1.0865
1762168584.0187,1.1208
1762168584.1733,1.2000
1762168584.3494,1.1113
1762168584.5024,1.0614
1762168584.6831,1.0540
1762168584.8377,0.9846
1762168585.0102,0.6303
1762168585.1885,0.5961
1762168585.3443,0.6431
1762168585.5209,0.6251
1762168585.6759,0.5923
1762168585.8540,0.5864
1762168586.0329,0.6735
1762168586.1884,0.6578
1762168586.3651,0.5723
1762168586.5200,0.7061
1762168586.6997,0.7586
1762168586.8539,0.8048
1762168587.0320,0.7767
1762168587.2115,0.6843
1762168587.3642,0.6345
1762168587.5440,0.7517
1762168587.7257,0.8657
1762168587.8811,0.7167
1762168588.0427,0.7661
1762168588.2322,0.9877
1762168588.3862,0.9825
1762168588.5655,1.0047
1762168588.7443,0.9550
1762168588.9000,0.8571
1762168589.0779,1.0974
1762168589.2329,1.0661
1762168589.4108,1.0408
1762168589.5654,1.1269
1762168589.7438,1.0318
1762168589.9015,1.0367
1762168590.0791,1.0956
1762168590.2347,1.1302
1762168590.4003,1.1067
1762168590.5774,1.1025
1762168590.7319,1.1195
1762168590.9113,1.0727
1762168591.0644,1.1319
1762168591.2449,1.0735
1762168591.3992,1.1099
1762168591.5771,1.0801
1762168591.7551,1.0428
1762168591.9221,1.0911
1762168592.0772,1.0946
1762168592.2554,1.0583
1762168592.4100,1.1131
1762168592.5893,1.0643
1762168592.7424,1.0820
1762168592.9167,1.0476
1762168593.0968,1.0081
1762168593.2510,0.9757
1762168593.4290,0.9323
1762168593.5841,0.8719
1762168593.7617,0.9760
1762168593.9162,0.9697
1762168594.0966,1.0714
1762168594.2730,1.0157
1762168594.4286,0.9534
1762168594.6072,1.0307
1762168594.7608,0.9593
1762168594.9408,1.0471
1762168595.0945,0.9449
1762168595.2726,0.9671
1762168595.4516,0.9856
1762168595.6057,1.0380
1762168595.7858,0.9864
1762168595.9390,1.0059
1762168596.1172,0.9795
1762168596.2718,1.0328
1762168596.4505,1.0473
1762168596.6297,1.0114
1762168596.7836,1.0286
1762168596.9614,1.0967
1762168597.1161,1.0539
1762168597.2954,1.0297
1762168597.4506,1.1156
1762168597.6282,1.0027
1762168597.7821,1.0862
1762168597.9511,1.0622
1762168598.1186,1.0153
1762168598.2997,1.0317
1762168598.4533,1.0837
1762168598.6344,1.0968
1762168598.8058,1.0715
1762168598.9554,1.0124
1762168599.1367,1.0702
1762168599.3110,1.0543
1762168599.4668,1.0307
1762168599.6461,0.9985
1762168599.7991,1.0429
1762168599.9791,1.0339
1762168600.1323,0.9902
1762168600.3101,1.0177
1762168600.4655,1.0466
1762168600.6451,1.0472
1762168600.8222,1.0338
1762168600.9762,1.0499
1762168601.1507,1.0529
1762168601.3042,1.0736
1762168601.4820,1.0832
1762168601.6559,1.0212
1762168601.8295,1.0610
1762168601.9842,1.0624
1762168602.1616,1.1119
1762168602.3199,1.1200
1762168602.4986,0.9701
1762168602.6500,1.0440
1762168602.8285,0.9620
1762168602.9886,0.9904
1762168603.1714,0.9389
1762168603.3274,0.9113
1762168603.5051,0.9994
1762168603.6600,0.9622
1762168603.8395,0.9609
1762168603.9938,0.9529
1762168604.1655,0.9265
1762168604.3455,0.9014
1762168604.5018,0.9227
1762168604.6787,0.9467
1762168604.8349,0.9282
1762168605.0119,0.9811
1762168605.1669,0.9225
1762168605.3474,0.9885
1762168605.5246,1.0197
1762168605.6790,1.0116
1762168605.8614,0.9864
1762168606.0147,1.0032
1762168606.1939,1.0017
1762168606.3488,1.0066
1762168606.5271,1.0926
1762168606.6805,0.9891
1762168606.8594,1.0467
1762168607.0142,1.1043
1762168607.1952,1.0407
1762168607.3725,1.0380
1762168607.5260,1.0487
1762168607.7046,1.0559
1762168607.8579,1.0718
1762168608.0374,1.1563
1762168608.1970,1.1859
1762168608.3759,1.0832
1762168608.5338,0.9684
1762168608.7106,0.9414
1762168608.8673,1.0713
1762168609.0456,0.9307
1762168609.1994,1.0258
1762168609.3755,1.0455
1762168609.5463,1.0603
1762168609.6994,1.0966
1762168609.8788,1.1340
1762168610.0564,1.2193
1762168610.2098,1.1332
1762168610.3919,1.1508
1762168610.5441,1.1551
1762168610.7067,1.0391
1762168610.8874,1.0700
1762168611.0643,1.2403
1762168611.2195,1.2519
1762168611.3987,1.2640
1762168611.5531,1.3100
1762168611.7317,1.3818
1762168611.8849,1.2667
1762168612.0641,1.2024
1762168612.2179,1.1860
1762168612.3964,1.2470
1762168612.5525,1.2128
1762168612.7302,1.2512
1762168612.8846,1.2246
1762168613.0616,1.1462
1762168613.2410,1.3185
1762168613.3963,1.2587
1762168613.5748,1.4264
1762168613.7385,1.3319
1762168613.8939,1.4463
1762168614.0626,1.4172
1762168614.2423,1.3722
1762168614.3973,1.4865
1762168614.5742,1.5170
1762168614.7285,1.5592
1762168614.9075,1.5438
1762168615.0601,1.4802
1762168615.2396,1.4710
1762168615.3950,1.4474
1762168615.5716,1.5535
1762168615.7508,1.6034
1762168615.9044,1.5249
1762168616.0702,1.6032
1762168616.2386,1.5593
1762168616.4166,1.5351
1762168616.5708,1.5589
1762168616.7505,1.6984
1762168616.9040,1.7105
1762168617.0828,1.6147
1762168617.2612,1.5453
1762168617.4161,1.6032
1762168617.5943,1.6361
1762168617.7491,1.6981
1762168617.9263,1.7270
1762168618.0810,1.6120
1762168618.2621,1.6951
1762168618.4318,1.6843
1762168618.5946,1.7124
1762168618.7568,1.6604
1762168618.9301,1.7220
1762168619.0894,1.7471
1762168619.2699,1.7407
1762168619.4230,1.6549
1762168619.6020,1.6571
1762168619.7555,1.7231
1762168619.9388,1.6396
1762168620.0958,1.7408
1762168620.2741,1.6697
1762168620.4334,1.6473
1762168620.6129,1.7111
1762168620.7674,1.7612
1762168620.9412,1.8184
1762168621.1217,1.8360
1762168621.2783,1.7418
1762168621.4461,1.7713
1762168621.6128,1.8222
1762168621.7816,1.9183
1762168621.9580,1.8542
1762168622.1111,1.9234
1762168622.2923,1.9062
1762168622.4451,1.8382
1762168622.6248,1.8001
1762168622.7785,1.6514
1762168622.9559,1.5496
1762168623.1353,1.3607
1762168623.2912,1.2176
1762168623.4689,1.1903
1762168623.6236,1.2026
1762168623.8027,0.9062
1762168623.9686,1.0550
1762168624.1244,1.0778
1762168624.2860,0.8946
1762168624.4506,0.6865
1762168624.6307,0.7065
1762168624.8091,0.9116
1762168624.9568,0.8812
1762168625.1369,0.8661
1762168625.2901,0.7466
1762168625.4662,0.6933
1762168625.6263,0.6538
1762168625.8029,0.6619
1762168625.9572,0.6654
1762168626.1364,0.6645
1762168626.2913,0.7336
1762168626.4692,1.8475
1762168626.6248,1.9555
1762168626.8036,1.8027
1762168626.9556,1.8984
1762168627.4528,1.7982
1762168627.9648,1.8947
1762168628.2993,1.9415
1762168628.4528,1.2462
1762168628.6310,1.2826
1762168628.7859,0.5351
1762168628.9634,0.5591
1762168629.1184,0.5450
1762168629.2894,0.5744
1762168629.4670,0.6534
1762168629.6226,0.5475
1762168629.8009,0.5653
1762168629.9542,0.5885
1762168630.1343,0.6914
1762168630.2879,0.5752
1762168630.4658,0.6823
1762168630.6206,0.7277
1762168630.8000,0.7244
1762168630.9627,0.7351
1762168631.1414,0.5739
1762168631.2972,0.6165
1762168631.4756,0.6313
1762168631.6282,0.7314
1762168631.8073,0.6222
1762168631.9872,0.6993
1762168632.1401,0.6216
1762168632.3213,0.6316
1762168632.4879,0.6448
1762168632.6428,0.7060
1762168632.8219,0.7904
1762168632.9755,0.8163
1762168633.1538,0.9254
1762168633.3086,0.6800
1762168633.4714,0.8548
1762168633.6516,0.8150
1762168633.8049,0.8941
1762168633.9850,0.8859
1762168634.1533,0.7591
1762168634.3331,0.7172
1762168634.4879,0.8618
1762168634.6659,0.7863
1762168634.8205,0.8460
1762168634.9987,0.8217
1762168635.1530,0.7746
1762168635.3312,0.7633
1762168635.4855,0.7750
1762168635.6636,0.7933
1762168635.8187,0.8319
1762168635.9983,0.9556
1762168636.1512,0.9757
1762168636.3299,0.8580
1762168636.4839,0.8673
1762168636.6625,0.9138
1762168636.8166,0.9407
1762168636.9964,0.9376
1762168637.1493,0.9473
1762168637.3287,0.9419
1762168637.4906,0.9569
1762168637.6437,0.9644
1762168637.8220,0.9743
1762168637.9777,1.0375
1762168638.1448,1.1327
1762168638.3081,1.2258
1762168638.4882,1.1673
1762168638.6491,1.1188
1762168638.8289,1.1831
1762168638.9840,1.3025
1762168639.1514,1.2044
1762168639.3311,1.1832
1762168639.4847,1.2843
1762168639.6643,1.2735
1762168639.8192,1.3662
1762168639.9963,1.3611
1762168640.1512,1.3978
1762168640.3270,1.1080
1762168640.4869,1.1251
1762168640.6585,1.2476
1762168640.8189,1.2043
1762168640.9980,1.1919
1762168641.1513,1.1800
1762168641.3203,1.2687
1762168641.4972,1.3504
1762168641.6500,1.2964
1762168641.8302,1.3250
1762168642.0095,1.3332
1762168642.1635,1.2739
1762168642.3409,1.1458
1762168642.4963,1.3438
1762168642.6747,1.2327
1762168642.8297,1.2466
1762168643.0066,1.3135
1762168643.1851,1.3482
1762168643.3389,1.3902
1762168643.5173,1.3530
1762168643.6699,1.4471
1762168643.8502,1.3625
1762168644.0036,1.3013
1762168644.1836,1.2270
1762168644.3381,1.2978
1762168644.5102,1.2876
1762168644.6907,1.2014
1762168644.8434,1.2858
1762168645.0226,1.1806
1762168645.1792,1.1271
1762168645.3575,1.1307
1762168645.5119,1.0812
1762168645.6825,0.9877
1762168645.8593,0.9710
1762168646.0403,1.0532
1762168646.1946,1.0034
1762168646.3732,1.0692
1762168646.5249,1.1713
1762168646.7020,1.1533
1762168646.8565,0.9937
1762168647.0373,1.1186
1762168647.2050,0.9810
1762168647.3843,0.9443
1762168647.5452,1.0305
1762168647.7002,0.9303
1762168647.8803,0.9068
1762168648.0362,0.9374
1762168648.2100,1.0460
1762168648.3885,1.0939
1762168648.5519,1.0186
1762168648.7300,1.0464
1762168648.8856,1.0304
1762168649.0621,1.0513
1762168649.2187,1.0215
1762168649.3959,1.0112
1762168649.5749,1.0113
1762168649.7292,1.0592
1762168649.8918,1.0737
1762168650.0716,1.0524
1762168650.2275,1.0610
1762168650.4045,1.0701
1762168650.5576,0.9471
1762168650.7367,0.9299
1762168650.9005,0.9638
1762168651.0800,0.9657
1762168651.2350,1.0134
1762168651.4143,1.0439
1762168651.5913,1.0859
1762168651.7459,1.0543
1762168651.9075,1.0824
1762168652.0872,0.9394
1762168652.2645,0.9555
1762168652.4201,1.0308
1762168652.5970,1.1064
1762168652.7561,0.9345
1762168652.9318,0.8966
1762168653.0840,0.9106
1762168653.2684,0.9175
1762168653.4226,0.8612
1762168653.5948,0.8997
1762168653.7764,0.7627
1762168653.9342,0.8606
1762168654.0985,0.8443
1762168654.2779,0.8580
1762168654.4330,0.8485
1762168654.6058,0.9558
1762168654.7803,0.9553
1762168654.9351,0.9568
1762168655.1168,0.9445
1762168655.2728,0.9599
1762168655.4493,0.9503
1762168655.6156,0.9102
1762168655.7715,0.9434
1762168655.9445,0.9102
1762168656.1197,1.0054
1762168656.2759,1.0320
1762168656.4519,1.0783
1762168656.6057,0.9582
1762168656.7848,0.9825
1762168656.9396,1.0076
1762168657.1026,1.0448
1762168657.2829,1.0348
1762168657.4365,1.0611
1762168657.6156,0.9225
1762168657.7699,0.9762
1762168657.9401,1.0371
1762168658.1089,0.9878
1762168658.2835,1.0649
1762168658.4358,0.9869
1762168658.6199,1.0034
1762168658.7758,0.9387
1762168658.9534,1.0521
1762168659.1084,1.1174
1762168659.2881,1.1190
1762168659.4410,1.1707
1762168659.6205,1.1210
1762168659.7763,1.0391
1762168659.9429,1.0269
1762168660.1038,0.9661
1762168660.2780,0.9866
1762168660.4431,1.0242
1762168660.6113,1.0567
1762168660.7969,1.1155
1762168660.9514,1.0711
1762168661.1290,1.1428
1762168661.2841,1.2515
1762168661.4627,1.2164
1762168661.6166,1.1165
1762168661.7903,1.1313
1762168661.9460,1.1059
1762168662.1252,1.1151
1762168662.3027,1.0938
1762168662.4574,1.0782
1762168662.6357,1.1042
1762168662.7903,1.1845
1762168662.9641,1.1693
1762168663.1247,1.2111
1762168663.2871,1.2198
1762168663.4539,1.1843
1762168663.6270,1.2452
1762168663.8001,1.2097
1762168663.9634,1.2083
1762168664.1250,1.1678
1762168664.2946,1.1644
1762168664.4758,1.1725
1762168664.6295,1.1624
1762168664.8070,1.1625
1762168664.9616,1.0876
1762168665.1410,1.0815
1762168665.2942,1.0984
1762168665.4739,1.0785
1762168665.6287,1.0845
1762168665.8062,1.1059
1762168665.9785,1.0953
1762168666.1312,1.0651
1762168666.3093,1.0307
1762168666.4689,1.0764
1762168666.6469,1.0191
1762168666.8269,1.0663
1762168666.9808,1.0213
1762168667.1495,1.1045
1762168667.3196,1.0356
1762168667.4968,1.0273
1762168667.6542,1.1012
1762168667.8165,0.9435
1762168667.9848,1.0464
1762168668.1633,0.9903
1762168668.3228,1.0220
1762168668.4990,1.0600
1762168668.6684,0.9197
1762168668.8227,0.9015
1762168668.9964,0.9536
1762168669.1721,0.9360
1762168669.3269,0.9529
1762168669.5046,0.8780
1762168669.6575,0.9572
1762168669.8275,0.9571
1762168669.9918,0.9840
1762168670.1717,0.9501
1762168670.3251,0.9540
1762168670.5063,1.0131
1762168670.6613,0.9702
1762168670.8389,1.0339
1762168670.9926,1.0175
1762168671.1714,1.0074
1762168671.3266,1.1865
1762168671.4966,1.1343
1762168671.6756,1.1851
1762168671.8207,1.2120
1762168671.9886,1.2645
1762168672.1569,1.2384
1762168672.3257,1.2684
1762168672.4860,1.3188
1762168672.6664,1.3022
1762168672.8199,1.2925
1762168672.9911,1.2478
1762168673.1708,1.2894
1762168673.3218,1.2219
1762168673.5092,1.2582
1762168673.6642,1.2069
1762168673.8428,1.2232
1762168673.9969,1.2304
1762168674.1559,1.1840
1762168674.3336,1.2120
1762168674.4884,1.2833
1762168674.6626,1.2803
1762168674.8401,1.2967
1762168674.9957,1.2656
1762168675.1742,1.2276
1762168675.3398,1.2020
1762168675.4932,1.2364
1762168675.6723,1.2012
1762168675.8399,1.2448
1762168675.9957,1.2033
1762168676.1670,1.2021
1762168676.3448,1.1748
1762168676.4929,1.1500
1762168676.6721,1.1737
1762168676.8263,1.1533
1762168677.0025,1.1728
1762168677.1702,1.1816
1762168677.3240,1.2085
1762168677.5044,1.1877
1762168677.6616,1.1854
1762168677.8339,1.1488
1762168677.9896,1.1243
1762168678.1730,1.1140
1762168678.3266,1.1085
1762168678.4929,1.1206
1762168678.6712,1.1272
1762168678.8257,1.1273
1762168678.9888,1.1547
1762168679.1683,1.0828
1762168679.3346,1.1049
1762168679.4869,1.1048
1762168679.6675,1.0951
1762168679.8216,1.1205
1762168680.0024,1.1365
1762168680.1564,1.1241
1762168680.3186,1.1697
1762168680.4991,1.1210
1762168680.6543,1.0806
1762168680.8313,1.0785
1762168680.9845,1.1093
1762168681.1643,1.1021
1762168681.3247,1.1164
1762168681.5041,1.1304
1762168681.6580,1.1085
1762168681.8312,1.1231
1762168681.9845,1.1202
1762168682.1699,1.0650
1762168682.3239,1.1151
1762168682.5020,1.1329
1762168682.6641,1.0639
1762168682.8271,1.1178
1762168682.9959,1.1005
1762168683.1494,1.1140
1762168683.3261,1.0825
1762168683.4980,1.1070
1762168683.6526,1.1389
1762168683.8311,1.0896
1762168683.9928,1.0633
1762168684.1625,1.1222
1762168684.3171,1.0911
1762168684.4948,1.1167
1762168684.6503,1.1192
1762168684.8269,1.0984
1762168684.9813,1.0991
1762168685.1608,1.1267
1762168685.3063,1.1218
1762168685.4850,1.0594
1762168685.6399,1.0960
1762168685.8189,1.0191
1762168685.9723,1.0340
1762168686.1569,1.0319
1762168686.3127,1.0421
1762168686.4861,1.0922
1762168686.6449,1.0742
1762168686.8238,1.1218
1762168686.9849,1.0484
1762168687.1420,1.0916
1762168687.3035,1.0858
1762168687.4718,1.1086
1762168687.6499,1.0670
1762168687.8064,1.0765
1762168687.9851,1.0608
1762168688.1392,1.1200
1762168688.3183,1.0871
1762168688.4726,1.0926
1762168688.6500,1.1408
1762168688.8194,1.1483
1762168688.9733,1.1056
1762168689.1516,1.0871
1762168689.3053,1.1247
1762168689.4844,1.0797
1762168689.6380,1.0726
1762168689.8174,1.0556
1762168689.9715,1.0648
1762168690.1246,1.0680
1762168690.3042,1.1005
1762168690.4576,1.0774
1762168690.6360,1.0571
1762168690.7908,1.0252
1762168690.9691,1.1037
1762168691.1434,1.1093
1762168691.2983,1.0793
1762168691.4752,1.0938
1762168691.6297,1.0458
1762168691.8090,1.0986
1762168691.9641,1.0892
1762168692.1427,1.0726
1762168692.2963,1.1081
1762168692.4742,1.1002
1762168692.6285,1.0733
1762168692.8077,1.0947
1762168692.9609,1.0747
1762168693.1389,1.0714
1762168693.2952,1.0919
1762168693.4729,1.0397
1762168693.6383,1.0649
1762168693.7915,1.0980
1762168693.9705,1.1321
1762168694.1240,1.1162
1762168694.2831,1.1185
1762168694.4609,1.0867
1762168694.6176,1.0874
1762168694.7910,1.1557
1762168694.9696,1.0965
1762168695.1232,1.1043
1762168695.3022,1.0528
1762168695.4559,1.0544
1762168695.6332,1.0788
1762168695.7886,1.0733
1762168695.9683,1.0993
1762168696.1105,1.1142
1762168696.2903,1.1302
1762168696.4426,1.1017
1762168696.6218,1.0612
1762168696.7756,1.0950
1762168696.9544,1.1230
1762168697.1170,1.0912
1762168697.2696,1.0949
1762168697.4468,1.0949
1762168697.6159,1.0498
1762168697.7711,1.0881
1762168697.9490,1.0701
1762168698.1055,1.1013
1762168698.2826,1.1037
1762168698.4359,1.0935
1762168698.6164,1.0535
1762168698.7726,1.0850
1762168698.9484,1.0934
1762168699.1035,1.0990
1762168699.2811,1.1169
1762168699.4422,1.1379
1762168699.6031,1.1369
1762168699.7705,1.1120
1762168699.9354,1.1017
1762168700.1096,1.0854
1762168700.2587,1.1282
1762168700.4440,1.1179
1762168700.5984,1.1126
1762168700.7761,1.0735
1762168700.9301,1.0631
1762168701.1091,1.0845
1762168701.2643,1.0494
1762168701.4426,1.0908
1762168701.5961,1.0656
1762168701.7748,1.1294
1762168701.9288,1.1238
1762168702.0904,1.1421
1762168702.2603,1.0947
1762168702.4145,1.0892
1762168702.5918,1.1016
1762168702.7640,1.0829
1762168702.9168,1.1104
1762168703.0971,1.0704
1762168703.2614,1.0919
1762168703.4134,1.0209
1762168703.5941,1.0840
1762168703.7517,1.1015
1762168703.9230,1.0685
1762168704.0863,1.0286
1762168704.2390,1.0448
1762168704.4134,1.0136
1762168704.5677,1.0135
1762168704.7508,1.0311
1762168704.9069,1.0366
1762168705.0855,1.0210
1762168705.2408,1.0554
1762168705.4122,1.0390
1762168705.5766,1.0288
1762168705.7308,1.0415
1762168705.9110,1.0742
1762168706.0654,1.0442
1762168706.2437,1.0194
1762168706.3956,1.0512
1762168706.5735,1.0523
1762168706.7430,1.0554
1762168706.8979,1.0144
1762168707.0749,1.0565
1762168707.2306,1.0571
1762168707.4081,1.0284
1762168707.5680,0.9863
1762168707.7464,1.0301
1762168707.9023,1.0502
1762168708.0818,1.0631
1762168708.2350,1.0944
1762168708.4018,1.0877
1762168708.5800,1.0712
1762168708.7448,1.0150
1762168708.8990,1.0532
1762168709.0705,1.0782
1762168709.2268,1.0669
1762168709.3983,1.0496
1762168709.5761,1.0939
1762168709.7317,1.0460
1762168709.9094,1.0326
1762168710.0641,1.0478
1762168710.2470,1.0800
1762168710.4007,1.0773
1762168710.5723,1.0297
1762168710.7322,1.1017
1762168710.9097,1.1016
1762168711.0660,1.0844
1762168711.2337,1.0645
1762168711.4069,1.0973
1762168711.5674,1.0748
1762168711.7524,1.0743
1762168711.9045,1.0428
1762168712.0724,1.0609
1762168712.2433,1.0496
1762168712.4085,1.0416
1762168712.5884,1.0633
1762168712.7426,0.9953
1762168712.9202,1.0211
1762168713.0696,1.0611
1762168713.2495,1.0617
1762168713.4047,1.0622
1762168713.5824,1.0768
1762168713.7365,1.0611
1762168713.9128,1.1021
1762168714.0678,1.0400
1762168714.2475,1.0561
1762168714.4027,1.0554
1762168714.5805,1.0817
1762168714.7342,1.0902
1762168714.9133,1.0654
1762168715.0667,1.0382
1762168715.2338,1.0807
1762168715.4108,1.0416
1762168715.5644,1.0363
1762168715.7458,1.0800
1762168715.9051,1.0605
1762168716.0732,1.1033
1762168716.2527,1.0948
1762168716.4074,1.1153
1762168716.4074,1.1075
1762168716.6074,1.1075
1762168716.8074,1.1075
1762168717.0074,1.0886
1762168717.2074,1.0886
1762168717.4074,1.0886
1762168717.6074,1.0609
1762168717.8074,1.0609
1762168718.0074,1.0609
1762168718.2074,1.0843
1762168718.4074,1.0843
1762168718.6074,1.0843
1762168718.8074,1.0957
1762168719.0074,1.0957
1762168719.2074,1.0957
1762168719.4074,1.0532
1762168719.6074,1.0532
1762168719.8074,1.0532
1762168720.0074,1.1118
1762168720.2074,1.1118
1762168720.4074,1.1118
1762168720.6074,1.1347
1762168720.8074,1.1347
1762168721.0074,1.1347
1762168721.2074,1.0649
1762168721.4074,1.0649
1762168721.6074,1.0649
1762168721.8074,1.1267
1762168722.0074,1.1267
1762168722.2074,1.1267
1762168722.4074,1.1062
1762168722.6074,1.1062
1762168722.8074,1.1062
1762168723.0074,1.0852
1762168723.2074,1.0852
1762168723.4074,1.0852
1762168723.6074,1.1230
1762168723.8074,1.1230
1762168724.0074,1.1230
1762168724.2074,1.1041
1762168724.4074,1.1041
1762168724.6074,1.1041
1762168724.8074,1.1221
1762168725.0074,1.1221
1762168725.2074,1.1221
1762168725.4074,1.1108
1762168725.6074,1.1108
1762168725.8074,1.1108
1762168726.0074,1.1341
1762168726.2074,1.1341
1762168726.4074,1.1341
1762168726.6074,1.0641
1762168726.8074,1.0641
1762168727.0074,1.0641
1762168727.2074,1.0801
1762168727.4074,1.0801
1762168727.6074,1.0801
1762168727.8074,1.0980
1762168728.0074,1.0980
1762168728.2074,1.0980
1762168728.4074,1.1356
1762168728.6074,1.1356
1762168728.8074,1.1356
1762168729.0074,1.0731
1762168729.2074,1.0731
1762168729.4074,1.0731
1762168729.6074,1.0616
1762168729.8074,1.0616
1762168730.0074,1.0616
1762168730.2074,1.0876
1762168730.4074,1.0876
1762168730.6074,1.0876
1762168730.8074,1.0549
1762168731.0074,1.0549
1762168731.2074,1.0549
1762168731.4074,1.0797
1762168731.6074,1.0797
1762168731.8074,1.0797
1762168732.0074,1.1084
1762168732.2074,1.1084
1762168732.4074,1.1084
1762168732.6074,1.0776
1762168732.8074,1.0776
1762168733.0074,1.0776
1762168733.2074,1.0574
1762168733.4074,1.0574
1762168733.6074,1.0574
1762168733.8074,1.1132
1762168734.0074,1.1132
1762168734.2074,1.1132
1762168734.4074,1.0567
1762168734.6074,1.0567
1762168734.8074,1.0567
1762168735.0074,1.1430
1762168735.2074,1.1430
1762168735.4074,1.1430
1762168735.6074,1.0781
1762168735.8074,1.0781
1762168736.0074,1.0781
1762168736.2074,1.1477
1762168736.4074,1.1477
1762168736.6074,1.1477
1762168736.8074,1.0583
1762168737.0074,1.0583
1762168737.2074,1.0583
1762168737.4074,1.1491
1762168737.6074,1.1491
1762168737.8074,1.1491
1762168738.0074,1.0996
1762168738.2074,1.0996
1762168738.4074,1.0996
1762168738.6074,1.0733
1762168738.8074,1.0733
1762168739.0074,1.0733
1762168739.2074,1.0790
1762168739.4074,1.0790
1762168739.6074,1.0790
1762168739.8074,1.1257
1762168740.0074,1.1257
1762168740.2074,1.1257
1762168740.4074,1.0659
1762168740.6074,1.0659
1762168740.8074,1.0659
1762168741.0074,1.0648
1762168741.2074,1.0648
1762168741.4074,1.0648
1762168741.6074,1.0550
1762168741.8074,1.0550
1762168742.0074,1.0550
1762168742.2074,1.0700
1762168742.4074,1.0700
1762168742.6074,1.0700
1762168742.8074,1.0983
1762168743.0074,1.0983
1762168743.2074,1.0983
1762168743.4074,1.1150
1762168743.6074,1.1150
1762168743.8074,1.1150
1762168744.0074,1.0659
1762168744.2074,1.0659
1762168744.4074,1.0659
1762168744.6074,1.1371
1762168744.8074,1.1371
1762168745.0074,1.1371
1762168745.2074,1.0754
1762168745.4074,1.0754
1762168745.6074,1.0754
1762168745.8074,1.1035
1762168746.0074,1.1035
1762168746.2074,1.1035
1762168746.4074,1.1296
1762168746.6074,1.1296
1762168746.8074,1.1296
1762168747.0074,1.0551
1762168747.2074,1.0551
1762168747.4074,1.0551
1762168747.6074,1.0723
1762168747.8074,1.0723
1762168748.0074,1.0723
1762168748.2074,1.0910
1762168748.4074,1.0910
1762168748.6074,1.0910
1762168748.8074,1.1467
1762168749.0074,1.1467
1762168749.2074,1.1467
1762168749.4074,1.1292
1762168749.6074,1.1292
1762168749.8074,1.1292
1762168750.0074,1.1498
1762168750.2074,1.1498
1762168750.4074,1.1498
1762168750.6074,1.1201
1762168750.8074,1.1201
1762168751.0074,1.1201
1762168751.2074,1.1091
1762168751.4074,1.1091
1762168751.6074,1.1091
1762168751.8074,1.1147
1762168752.0074,1.1147
1762168752.2074,1.1147
1762168752.4074,1.0978
1762168752.6074,1.0978
1762168752.8074,1.0978
1762168753.0074,1.0849
1762168753.2074,1.0849
1762168753.4074,1.0849
1762168753.6074,1.1105
1762168753.8074,1.1105
1762168754.0074,1.1105
1762168754.2074,1.0981
1762168754.4074,1.0981
1762168754.6074,1.0981
1762168754.8074,1.1110
1762168755.0074,1.1110
1762168755.2074,1.1110
1762168755.4074,1.0961
1762168755.6074,1.0961
1762168755.8074,1.0961
1762168756.0074,1.0502
1762168756.2074,1.0502
1762168756.4074,1.0502
1762168756.6074,1.1423
1762168756.8074,1.1423
1762168757.0074,1.1423
1762168757.2074,1.0765
1762168757.4074,1.0765
1762168757.6074,1.0765
1762168757.8074,1.0769
1762168758.0074,1.0769
1762168758.2074,1.0769
1762168758.4074,1.0707
1762168758.6074,1.0707
1762168758.8074,1.0707
1762168759.0074,1.1025
1762168759.2074,1.1025
1762168759.4074,1.1025
1762168759.6074,1.0778
1762168759.8074,1.0778
1762168760.0074,1.0778
1762168760.2074,1.0978
1762168760.4074,1.0978
1762168760.6074,1.0978
1762168760.8074,1.0516
1762168761.0074,1.0516
1762168761.2074,1.0516
1762168761.4074,1.1480
1762168761.6074,1.1480
1762168761.8074,1.1480
1762168762.0074,1.0837
1762168762.2074,1.0837
1762168762.4074,1.0837
1762168762.6074,1.0792
1762168762.8074,1.0792
1762168763.0074,1.0792
1762168763.2074,1.1453
1762168763.4074,1.1453
1762168763.6074,1.1453
1762168763.8074,1.1458
1762168764.0074,1.1458
1762168764.2074,1.1458
1762168764.4074,1.0895
1762168764.6074,1.0895
1762168764.8074,1.0895
1762168765.0074,1.0814
1762168765.2074,1.0814
1762168765.4074,1.0814
1762168765.6074,1.0503
1762168765.8074,1.0503
1762168766.0074,1.0503
1762168766.2074,1.0533
1762168766.4074,1.0533
1762168766.6074,1.0533
1762168766.8074,1.0836
1762168767.0074,1.0836
1762168767.2074,1.0836
1762168767.4074,1.0997
1762168767.6074,1.0997
1762168767.8074,1.0997
1762168768.0074,1.1302
1762168768.2074,1.1302
1762168768.4074,1.1302
1762168768.6074,1.1185
1762168768.8074,1.1185
1762168769.0074,1.1185
1762168769.2074,1.0986
1762168769.4074,1.0986
1762168769.6074,1.0986
1762168769.8074,1.0618
1762168770.0074,1.0618
1762168770.2074,1.0618
1762168770.4074,1.1472
1762168770.6074,1.1472
1762168770.8074,1.1472
1762168771.0074,1.0944
1762168771.2074,1.0944
1762168771.4074,1.0944
1762168771.6074,1.1279
1762168771.8074,1.1279
1762168772.0074,1.1279
1762168772.2074,1.0970
1762168772.4074,1.0970
1762168772.6074,1.0970
1762168772.8074,1.0994
1762168773.0074,1.0994
1762168773.2074,1.0994
1762168773.4074,1.1061
1762168773.6074,1.1061
1762168773.8074,1.1061
1762168774.0074,1.1376
1762168774.2074,1.1376
1762168774.4074,1.1376
1762168774.6074,1.0676
1762168774.8074,1.0676
1762168775.0074,1.0676
1762168775.2074,1.0570
1762168775.4074,1.0570
1762168775.6074,1.0570
1762168775.8074,1.0788
1762168776.0074,1.0788
1762168776.2074,1.0788
1762168776.4074,1.0998
1762168776.6074,1.0998
1762168776.8074,1.0998
1762168777.0074,1.0700
1762168777.2074,1.0700
1762168777.4074,1.0700
1762168777.6074,1.1411
1762168777.8074,1.1411
1762168778.0074,1.1411
1762168778.2074,1.1264
1762168778.4074,1.1264
1762168778.6074,1.1264
1762168778.8074,1.0616
1762168779.0074,1.0616
1762168779.2074,1.0616
1762168779.4074,1.1495
1762168779.6074,1.1495
1762168779.8074,1.1495
1762168780.0074,1.1418
1762168780.2074,1.1418
1762168780.4074,1.1418
1762168780.6074,1.0870
1762168780.8074,1.0870
1762168781.0074,1.0870
1762168781.2074,1.1078
1762168781.4074,1.1078
1762168781.6074,1.1078
1762168781.8074,1.0987
1762168782.0074,1.0987
1762168782.2074,1.0987
1762168782.4074,1.0537
1762168782.6074,1.0537
1762168782.8074,1.0537
1762168783.0074,1.1430
1762168783.2074,1.1430
1762168783.4074,1.1430
1762168783.6074,1.0548
1762168783.8074,1.0548
1762168784.0074,1.0548
1762168784.2074,1.0512
1762168784.4074,1.0512
1762168784.6074,1.0512
1762168784.8074,1.1334
1762168785.0074,1.1334
1762168785.2074,1.1334
1762168785.4074,1.0842
1762168785.6074,1.0842
1762168785.8074,1.0842
1762168786.0074,1.0623
1762168786.2074,1.0623
1762168786.4074,1.0623
1762168786.6074,1.0915
1762168786.8074,1.0915
1762168787.0074,1.0915
1762168787.2074,1.0855
1762168787.4074,1.0855
1762168787.6074,1.0855
1762168787.8074,1.1180
