ros_time_s,imu_heading
1762168973.8084,359.8750
1762168974.0099,359.8750
1762168974.2098,359.8750
1762168974.4115,359.8750
1762168974.6115,359.8750
1762168974.8114,359.8750
1762168975.0119,359.8750
1762168975.2113,359.8750
1762168975.4128,359.8750
1762168975.6140,359.8750
1762168975.8152,359.8750
1762168976.0153,359.8750
1762168976.2168,359.8750
1762168976.4189,359.8750
1762168976.6192,359.8750
1762168976.8200,359.8750
1762168977.0208,359.8750
1762168977.2224,359.8750
1762168977.4228,359.8750
1762168977.6240,359.8750
1762168977.8235,359.8750
1762168978.0242,359.8750
1762168978.2241,359.8750
1762168978.4256,359.8750
1762168978.6265,359.8750
1762168978.8272,359.8750
1762168979.0406,359.8750
1762168979.2506,359.8750
1762168979.4623,359.9370
1762168979.6959,0.2500
1762168979.9076,0.5620
1762168980.1085,0.8750
1762168980.3329,1.3120
1762168980.5344,1.6250
1762168980.7468,1.8750
1762168980.9601,2.0630
1762168981.1715,2.1250
1762168981.3853,2.0000
1762168981.5979,1.9370
1762168981.8102,1.9370
1762168982.0224,2.0000
1762168982.2341,2.0000
1762168982.4446,2.0000
1762168982.6568,1.7500
1762168982.8685,2.0000
1762168983.0818,2.0630
1762168983.2939,2.1880
1762168983.5057,2.0630
1762168983.7176,1.8120
1762168983.9294,1.7500
1762168984.1416,1.8120
1762168984.3474,2.1250
1762168984.5596,2.3130
1762168984.7706,2.3750
1762168984.9736,2.3130
1762168985.1993,2.3130
1762168985.4320,2.3130
1762168985.6316,2.3130
1762168985.8536,2.4380
1762168986.0655,2.5630
1762168986.2779,2.5000
1762168986.4907,2.2500
1762168986.7010,2.1250
1762168986.9130,1.8750
1762168987.1304,1.5620
1762168987.3719,1.0620
1762168987.5832,0.5620
1762168987.7970,0.2500
1762168988.0061,0.0000
1762168988.2446,359.8750
1762168988.4450,359.5000
1762168988.6728,359.1870
1762168988.8841,359.0000
1762168989.0962,358.8120
1762168989.2976,358.4370
1762168989.5224,358.0620
1762168989.7356,357.7500
1762168989.9474,357.4370
1762168990.1596,356.9370
1762168990.3707,356.6250
1762168990.5826,356.6250
1762168990.7849,356.6870
1762168990.9838,356.9370
1762168991.2131,357.1870
1762168991.4381,357.5000
1762168991.6723,357.7500
1762168991.8847,357.9370
1762168992.0963,358.1870
1762168992.3084,358.3750
1762168992.5393,358.6250
1762168992.7706,358.8750
1762168992.9722,359.0000
1762168993.2051,359.0000
1762168993.4401,359.0620
1762168993.6423,359.3120
1762168993.8744,359.6250
1762168994.0850,0.1250
1762168994.2873,0.4370
1762168994.4852,0.7500
1762168994.7214,1.1250
1762168994.9332,1.5620
1762168995.1443,1.8750
1762168995.3567,2.0000
1762168995.5557,2.1250
1762168995.7692,2.1250
1762168995.9810,1.8750
1762168996.1949,1.6870
1762168996.4039,1.7500
1762168996.6161,1.8750
1762168996.8284,2.0000
1762168997.0429,2.0000
1762168997.2546,1.7500
1762168997.4651,1.4370
1762168997.6769,1.0620
1762168997.8908,0.8120
1762168998.1013,0.8750
1762168998.3128,1.0620
1762168998.5250,1.1870
1762168998.7389,1.1250
1762168998.9478,1.0620
1762168999.1588,0.8750
1762168999.3713,0.9370
1762168999.5831,1.1870
1762168999.8000,1.3750
1762169000.0345,1.7500
1762169000.2485,1.9370
1762169000.4487,2.3750
1762169000.6490,2.6880
1762169000.8527,2.9380
1762169001.0753,3.1250
1762169001.2871,3.5000
1762169001.4978,3.8130
1762169001.7337,4.3750
1762169001.9466,4.6250
1762169002.1872,5.2500
1762169002.3985,5.5620
1762169002.6095,5.8750
1762169002.8208,6.0620
1762169003.0330,6.3750
1762169003.2464,6.6250
1762169003.4566,6.4370
1762169003.6689,5.8750
1762169003.8712,5.6250
1762169004.0822,5.0620
1762169004.2940,4.5620
1762169004.4934,4.1250
1762169004.7312,3.8750
1762169004.9321,3.7500
1762169005.1442,3.4380
1762169005.3558,3.1880
1762169005.5668,2.9380
1762169005.7705,2.7500
1762169005.9775,2.6250
1762169006.1812,2.3130
1762169006.3819,1.7500
1762169006.5831,1.2500
1762169006.8156,0.8750
1762169007.0280,0.7500
1762169007.2325,0.7500
1762169007.4447,0.6870
1762169007.6669,0.5620
1762169007.8779,0.3120
1762169008.0924,0.0620
1762169008.3023,0.0000
1762169008.5125,0.1870
1762169008.7251,0.1870
1762169008.9584,0.5000
1762169009.1973,0.8120
1762169009.4084,1.1250
1762169009.6218,1.3750
1762169009.8337,1.7500
1762169010.0365,2.0630
1762169010.2442,2.3130
1762169010.4440,2.3750
1762169010.6700,2.5000
1762169010.8808,2.5630
1762169011.0935,2.8130
1762169011.3238,3.1880
1762169011.5465,3.4380
1762169011.7578,3.7500
1762169011.9694,4.0620
1762169012.1829,4.3750
1762169012.3945,4.5000
1762169012.6044,4.6870
1762169012.8167,4.5620
1762169013.0477,4.3120
1762169013.2593,4.3120
1762169013.4713,4.2500
1762169013.6975,4.1250
1762169013.9306,4.0620
1762169014.1445,4.0000
1762169014.3551,3.9380
1762169014.5669,3.6880
1762169014.7776,3.3750
1762169014.9925,3.3130
1762169015.2026,3.1250
1762169015.4131,2.8750
1762169015.6147,2.3130
1762169015.8150,1.5620
1762169016.0225,1.1250
1762169016.2356,0.8120
1762169016.4472,0.7500
1762169016.6484,0.6250
1762169016.8472,0.3750
1762169017.0871,359.8750
1762169017.2997,359.5620
1762169017.5101,359.3120
1762169017.7215,359.0620
1762169017.9322,359.0620
1762169018.1464,359.0000
1762169018.3552,359.1250
1762169018.5671,359.2500
1762169018.7794,359.3750
1762169018.9944,359.3750
1762169019.2052,359.5000
1762169019.4173,359.5000
1762169019.6284,359.8120
1762169019.8411,359.9370
1762169020.0634,0.0000
1762169020.2753,0.0000
1762169020.4879,0.0000
1762169020.6972,0.0620
1762169020.9092,0.1870
1762169021.1221,0.0000
1762169021.3338,359.6870
1762169021.5453,359.7500
1762169021.7569,359.6250
1762169021.9684,359.5000
1762169022.1804,359.3750
1762169022.3925,359.3750
1762169022.6031,359.3750
1762169022.8154,359.5000
1762169023.0269,359.5620
1762169023.2383,359.6250
1762169023.4478,359.5000
1762169023.6600,359.3120
1762169023.8728,359.2500
1762169024.0832,359.1870
1762169024.2942,359.2500
1762169024.5058,359.5000
1762169024.7184,0.0000
1762169024.9291,0.6250
1762169025.1418,1.0000
1762169025.3534,1.2500
1762169025.5668,1.5000
1762169025.7946,1.7500
1762169026.0039,1.8120
1762169026.2174,1.8750
1762169026.4282,2.1250
1762169026.6414,2.3130
1762169026.8524,2.3750
1762169027.0629,2.3750
1762169027.2753,2.3750
1762169027.4890,2.2500
1762169027.6986,1.8750
1762169027.8979,1.3750
1762169028.1096,1.0000
1762169028.3312,0.7500
1762169028.5444,0.3750
1762169028.7548,0.0620
1762169028.9659,359.6870
1762169029.1773,359.3750
1762169029.3882,359.1250
1762169029.5944,358.8750
1762169029.8030,358.5620
1762169030.0046,357.9370
1762169030.2185,357.5620
1762169030.4403,357.3750
1762169030.6398,356.8120
1762169030.8407,356.2500
1762169031.0437,355.6870
1762169031.2479,355.0620
1762169031.4589,354.3120
1762169031.6706,353.8750
1762169031.8821,353.6250
1762169032.0938,353.5000
1762169032.3068,353.6250
1762169032.5193,353.8120
1762169032.7440,354.1250
1762169032.9490,354.4370
1762169033.1508,354.7500
1762169033.3636,355.1250
1762169033.5755,355.5000
1762169033.7782,356.0000
1762169033.9780,356.1870
1762169034.1789,356.5000
1762169034.4118,356.8120
1762169034.6231,357.1870
1762169034.8346,357.4370
1762169035.0455,357.7500
1762169035.2579,358.0620
1762169035.4711,358.1250
1762169035.6945,357.9370
1762169035.9159,357.5000
1762169036.1386,357.2500
1762169036.3395,356.7500
1762169036.5672,356.5000
1762169036.7794,356.3750
1762169036.9936,356.3750
1762169037.2024,356.0620
1762169037.4147,355.7500
1762169037.6268,355.5620
1762169037.8405,355.4370
1762169038.0524,355.2500
1762169038.2630,355.2500
1762169038.4754,355.5000
1762169038.6873,355.7500
1762169038.8967,356.2500
1762169039.1086,356.2500
1762169039.3203,356.2500
1762169039.5339,356.2500
1762169039.7453,356.8750
1762169039.9788,357.6870
1762169040.2136,358.3750
1762169040.4258,358.9370
1762169040.6404,359.4370
1762169040.8492,359.7500
1762169041.0614,359.9370
1762169041.2942,0.3750
1762169041.5234,0.8750
1762169041.7462,1.1870
1762169041.9587,1.3120
1762169042.1893,1.4370
1762169042.3961,1.5620
1762169042.5964,1.6870
1762169042.8074,1.8750
1762169043.0195,1.8750
1762169043.2314,1.9370
1762169043.4433,2.0000
1762169043.6563,1.8750
1762169043.8674,1.9370
1762169044.0804,2.0000
1762169044.2939,1.9370
1762169044.5032,1.8750
1762169044.7164,1.8120
1762169044.9504,1.9370
1762169045.1624,2.2500
1762169045.3650,2.5000
1762169045.5735,2.6250
1762169045.7877,2.6250
1762169045.9992,2.6880
1762169046.2106,2.7500
1762169046.4232,2.6880
1762169046.6343,2.4380
1762169046.8451,2.5000
1762169047.0559,2.8130
1762169047.2952,3.1250
1762169047.5064,3.2500
1762169047.7197,3.2500
1762169047.9307,3.2500
1762169048.1433,3.3130
1762169048.3554,3.2500
1762169048.5675,3.1880
1762169048.7784,2.9380
1762169048.9944,2.5630
1762169049.2023,2.2500
1762169049.4154,1.9370
1762169049.6453,1.5000
1762169049.8574,0.9370
1762169050.0687,0.5000
1762169050.2803,0.1250
1762169050.4935,359.8120
1762169050.6943,359.3750
1762169050.8944,359.0620
1762169051.1172,358.6870
1762169051.3296,358.2500
1762169051.5306,357.6870
1762169051.7683,356.9370
1762169051.9795,356.5000
1762169052.1815,355.9370
1762169052.4164,355.5000
1762169052.6270,355.1250
1762169052.8429,354.7500
1762169053.0509,354.4370
1762169053.2632,354.3750
1762169053.4757,354.0620
1762169053.6902,354.0620
1762169053.9015,354.0620
1762169054.1027,354.3120
1762169054.3387,354.5620
1762169054.5512,354.7500
1762169054.7615,354.8750
1762169054.9736,355.3120
1762169055.1842,355.8120
1762169055.3959,356.1870
1762169055.6341,356.5000
1762169055.8747,356.8120
1762169056.0944,356.9370
1762169056.3069,357.1250
1762169056.5447,357.1870
1762169056.7560,357.2500
1762169056.9684,357.2500
1762169057.1802,357.2500
1762169057.3919,357.1870
1762169057.6052,357.3120
1762169057.8080,356.9370
1762169058.0234,356.6250
1762169058.2429,356.2500
1762169058.4550,356.0000
1762169058.6671,355.6250
1762169058.8781,355.1870
1762169059.0927,354.6870
1762169059.3011,354.2500
1762169059.5126,353.8750
1762169059.7238,353.3750
1762169059.9360,353.0000
1762169060.1475,352.6870
1762169060.3600,352.3750
1762169060.5723,352.1870
1762169060.7840,352.0000
1762169060.9991,352.0620
1762169061.2100,352.2500
1762169061.4222,352.4370
1762169061.6452,352.4370
1762169061.8659,352.5000
1762169062.0779,352.5000
1762169062.2924,352.8750
1762169062.5025,353.3750
1762169062.7148,353.8120
1762169062.9260,354.3120
1762169063.1272,354.6870
1762169063.3639,354.9370
1762169063.5919,355.1870
1762169063.8022,355.3120
1762169064.0116,355.7500
1762169064.2225,356.2500
1762169064.4360,356.6250
1762169064.6373,357.0620
1762169064.8686,357.3120
1762169065.0818,357.5000
1762169065.2819,357.6250
1762169065.4961,357.6870
1762169065.7065,357.9370
1762169065.9179,358.3750
1762169066.1291,358.7500
1762169066.3504,359.0620
1762169066.5618,359.1870
1762169066.7734,359.4370
1762169066.9886,0.0000
1762169067.1976,0.5620
1762169067.4107,1.0000
1762169067.6226,1.5620
1762169067.8335,2.1880
1762169068.0443,2.6880
1762169068.2678,3.3130
1762169068.4793,3.9380
1762169068.6927,4.4370
1762169068.9015,4.8750
1762169069.1129,5.3120
1762169069.3249,5.6250
1762169069.5376,5.9370
1762169069.7492,6.0000
1762169069.9602,5.7500
1762169070.1726,5.5620
1762169070.3834,5.6870
1762169070.5853,5.9370
1762169070.8154,6.0000
1762169071.0278,6.0000
1762169071.2415,6.0620
1762169071.4545,6.0620
1762169071.6628,6.0000
1762169071.8760,5.6250
1762169072.0889,5.5620
1762169072.2976,5.3120
1762169072.5097,5.1870
1762169072.7228,5.1870
1762169072.9333,5.1250
1762169073.1462,5.1870
1762169073.3586,5.4370
1762169073.5697,5.6250
1762169073.7826,5.4370
1762169073.9944,5.1870
1762169074.2068,5.0620
1762169074.4186,4.9370
1762169074.6314,4.9370
1762169074.8443,4.9370
1762169075.0565,5.0000
1762169075.2686,5.1250
1762169075.4806,5.5000
1762169075.6921,5.9370
1762169075.9033,6.3120
1762169076.1145,6.6870
1762169076.3268,7.1250
1762169076.5391,7.6250
1762169076.7394,8.0630
1762169076.9635,8.6250
1762169077.1745,9.1250
1762169077.3868,9.6880
1762169077.6237,10.2500
1762169077.8426,10.6880
1762169078.0512,11.1250
1762169078.2645,11.2500
1762169078.4766,11.3750
1762169078.6891,11.5000
1762169078.9020,11.3750
1762169079.1132,11.3750
1762169079.3253,11.0000
1762169079.5371,10.4380
1762169079.7497,9.7500
1762169079.9613,9.1250
1762169080.1716,8.4380
1762169080.4100,7.4370
1762169080.6113,6.1870
1762169080.8122,5.1250
1762169081.0118,4.1870
1762169081.2122,3.4380
1762169081.4122,2.4380
1762169081.6129,1.5620
1762169081.8301,0.5620
1762169082.0431,359.3750
1762169082.2511,358.7500
1762169082.4624,357.9370
1762169082.6749,357.0620
1762169082.8868,356.1250
1762169083.1082,355.3120
1762169083.3209,354.7500
1762169083.5318,354.1870
1762169083.7447,353.7500
1762169083.9454,353.3120
1762169084.1676,353.1250
1762169084.3786,352.8120
1762169084.5908,352.1870
1762169084.8001,351.6250
1762169085.0116,351.1870
1762169085.2235,351.0620
1762169085.4347,351.0000
1762169085.6448,351.0620
1762169085.8575,351.3120
1762169086.0754,351.6250
1762169086.2887,352.1250
1762169086.4980,352.4370
1762169086.7104,352.8120
1762169086.9430,353.1250
1762169087.1480,353.5620
1762169087.3596,353.9370
1762169087.5700,354.9370
1762169087.7817,356.0000
1762169087.9938,356.3120
1762169088.2050,356.8120
1762169088.4170,357.6250
1762169088.6286,358.3750
1762169088.8423,358.9370
1762169089.0541,359.0000
1762169089.2659,359.0000
1762169089.4958,359.1250
1762169089.7070,359.2500
1762169089.9191,359.3120
1762169090.1308,359.5000
1762169090.3451,359.7500
1762169090.5551,0.0620
1762169090.7674,0.1250
1762169090.9795,0.3120
1762169091.1948,0.5000
1762169091.4041,0.5000
1762169091.6152,0.9370
1762169091.8266,1.3750
1762169092.0419,1.6870
1762169092.2521,1.9370
1762169092.4907,2.1250
1762169092.7005,2.1250
1762169092.9255,2.2500
1762169093.1378,2.4380
1762169093.3498,2.5000
1762169093.5621,2.6880
1762169093.7737,2.7500
1762169093.9858,2.7500
1762169094.1985,2.6250
1762169094.4117,2.5000
1762169094.6237,2.2500
1762169094.8358,1.9370
1762169095.0492,1.8750
1762169095.2593,1.8120
1762169095.4726,1.5000
1762169095.6846,1.1870
1762169095.8876,0.5000
1762169096.1169,359.8750
1762169096.3380,359.5000
1762169096.5491,358.9370
1762169096.7605,358.3750
1762169096.9947,357.7500
1762169097.1997,357.2500
1762169097.4226,356.8750
1762169097.6451,356.6870
1762169097.8509,356.6250
1762169098.0618,356.5620
1762169098.2735,356.3750
1762169098.4869,356.3750
1762169098.6998,356.3750
1762169098.9083,356.7500
1762169099.1205,357.1250
1762169099.3314,357.5000
1762169099.5440,358.0620
1762169099.7534,358.6250
1762169099.9656,359.2500
1762169100.1778,359.7500
1762169100.3898,359.8120
1762169100.6016,359.8120
1762169100.8130,359.8120
1762169101.0254,359.9370
1762169101.2372,0.1870
1762169101.4485,0.4370
1762169101.6506,0.7500
1762169101.8762,1.0000
1762169102.0897,1.1870
1762169102.3003,1.1870
1762169102.5123,1.2500
1762169102.7133,1.5620
1762169102.9484,1.9370
1762169103.1604,2.3130
1762169103.3713,2.6250
1762169103.5846,2.9380
1762169103.7961,3.2500
1762169104.0075,3.6880
1762169104.2184,4.0000
1762169104.4304,4.0620
1762169104.6428,4.0620
1762169104.8419,4.1870
1762169105.0431,4.2500
1762169105.2428,4.3750
1762169105.4441,4.4370
1762169105.6437,4.4370
1762169105.8422,4.3120
1762169106.0427,3.8130
1762169106.2450,3.2500
1762169106.4450,3.5000
1762169106.6456,3.5630
1762169106.8469,3.6880
1762169107.0473,3.5630
1762169107.2484,3.4380
1762169107.4492,3.3130
1762169107.6499,2.8750
1762169107.8504,2.1880
1762169108.0514,1.3750
1762169108.2517,359.2500
1762169108.4518,352.6250
1762169108.6524,344.3120
1762169108.8527,339.9370
1762169109.0525,339.2500
1762169109.2534,339.1250
1762169109.4541,339.3750
1762169109.6548,339.2500
1762169109.8552,339.0620
1762169110.0556,338.0620
1762169110.2566,337.6870
1762169110.4555,338.1870
1762169110.6555,338.5000
1762169110.8564,338.3120
1762169111.0563,338.1250
1762169111.2563,337.8750
1762169111.4567,337.9370
1762169111.6575,338.0000
1762169111.8569,337.9370
1762169112.0572,337.8120
1762169112.2566,337.9370
1762169112.4574,338.0620
1762169112.6565,337.8750
1762169112.8572,337.8750
1762169113.0565,337.5620
1762169113.2567,337.3750
1762169113.4575,337.7500
1762169113.6596,338.1250
1762169113.8597,338.1250
1762169114.0600,337.2500
1762169114.2617,336.5620
1762169114.4622,336.3750
1762169114.6618,336.5000
1762169114.8625,336.3750
1762169115.0632,336.0000
1762169115.2632,335.5620
1762169115.4634,334.5000
1762169115.6636,334.0620
1762169115.8639,333.6250
1762169116.0641,333.2500
1762169116.2648,332.9370
1762169116.4654,332.5620
1762169116.6665,331.9370
1762169116.8671,331.7500
1762169117.0674,331.5000
1762169117.2690,331.5620
1762169117.4701,331.8120
1762169117.6701,331.3120
1762169117.8704,331.0620
1762169118.0708,331.0000
1762169118.2707,330.9370
1762169118.4701,331.1250
1762169118.6714,330.9370
1762169118.8735,330.8120
1762169119.0740,330.6870
1762169119.2750,330.2500
1762169119.4754,329.8120
1762169119.6766,329.9370
1762169119.8778,329.6870
1762169120.0792,329.9370
1762169120.2806,330.0620
1762169120.4797,330.3120
1762169120.6801,330.6870
1762169120.8805,330.7500
1762169121.0816,330.7500
1762169121.2817,330.5620
1762169121.4833,330.6870
1762169121.6842,329.7500
1762169121.8845,329.8750
1762169122.0862,330.1870
1762169122.2863,330.7500
1762169122.4879,330.6250
1762169122.6878,330.6250
1762169122.8895,330.8750
1762169123.0901,330.5620
1762169123.2908,330.0000
1762169123.4923,328.9370
1762169123.6931,328.6250
1762169123.9206,328.6870
1762169124.1322,328.7500
1762169124.3439,328.5000
1762169124.5559,328.0620
1762169124.7583,327.1870
1762169124.9575,325.9370
1762169125.1588,324.7500
1762169125.3593,324.6250
1762169125.5584,323.7500
1762169125.7592,321.9370
1762169125.9581,321.0000
1762169126.1585,320.3120
1762169126.3590,319.5000
1762169126.5599,318.9370
1762169126.7593,318.3120
1762169126.9599,317.5620
1762169127.1595,316.6870
1762169127.3602,315.8750
1762169127.5603,314.9370
1762169127.7607,314.1250
1762169127.9604,313.6250
1762169128.1608,312.9370
1762169128.3613,312.1870
1762169128.5621,311.3120
1762169128.7615,310.3750
1762169128.9618,309.6250
1762169129.1613,308.8750
1762169129.3614,308.1870
1762169129.5610,307.3750
1762169129.7615,306.6250
1762169129.9618,306.0000
1762169130.1630,305.3750
1762169130.3634,304.6250
1762169130.5642,303.7500
1762169130.7644,302.7500
1762169130.9638,301.8120
1762169131.1644,301.0620
1762169131.3649,300.5000
1762169131.5649,299.9370
1762169131.7661,299.2500
1762169131.9661,298.4370
1762169132.1663,297.4370
1762169132.3671,296.5000
1762169132.5675,295.4370
1762169132.7670,294.5620
1762169132.9680,294.1250
1762169133.1683,293.5620
1762169133.3692,293.1870
1762169133.5701,292.5620
1762169133.7716,291.9370
1762169133.9713,291.2500
1762169134.1720,290.5620
1762169134.3727,289.7500
1762169134.5725,289.0620
1762169134.7737,288.2500
1762169134.9746,287.6250
1762169135.1741,287.1870
1762169135.3748,286.8120
1762169135.5750,286.4370
1762169135.7762,285.9370
1762169135.9771,285.4370
1762169136.1786,285.0000
1762169136.3782,284.6250
1762169136.5791,284.3120
1762169136.7793,283.9370
1762169136.9806,283.5000
1762169137.1806,283.0000
1762169137.3818,282.4370
1762169137.5812,281.8120
1762169137.7808,281.2500
1762169137.9822,280.5000
1762169138.1823,279.7500
1762169138.3833,278.8120
1762169138.5840,277.6250
1762169138.7843,277.0620
1762169138.9836,276.3120
1762169139.1826,275.4370
1762169139.3834,274.8120
1762169139.5829,274.2500
1762169139.7838,273.5620
1762169139.9846,272.8120
1762169140.1846,272.2500
1762169140.3858,271.5000
1762169140.5859,270.5000
1762169140.7865,269.6250
1762169140.9867,268.8120
1762169141.1871,268.0000
1762169141.3882,267.0620
1762169141.5889,266.0000
1762169141.7886,264.8750
1762169141.9892,263.6250
1762169142.1946,262.4370
1762169142.3951,261.5620
1762169142.5925,260.6870
1762169142.7939,259.8120
1762169142.9935,259.1870
1762169143.1940,258.5000
1762169143.3939,257.8750
1762169143.5964,257.0000
1762169143.7972,256.2500
1762169143.9989,255.3750
1762169144.1995,254.4370
1762169144.3994,253.9370
1762169144.5995,253.2500
1762169144.8003,252.5000
1762169145.0004,251.6250
1762169145.2000,250.4370
1762169145.3998,249.5620
1762169145.6009,248.8120
1762169145.8009,247.8750
1762169146.0014,246.9370
1762169146.2019,245.9370
1762169146.4036,245.1870
1762169146.6055,244.5000
1762169146.8068,243.8750
1762169147.0067,243.0620
1762169147.2069,242.2500
1762169147.4083,241.6250
1762169147.6098,241.1250
1762169147.8099,240.7500
1762169148.0105,240.1870
1762169148.2109,239.4370
1762169148.4124,238.7500
1762169148.6133,238.1250
1762169148.8136,237.4370
1762169149.0141,236.8120
1762169149.2139,236.0000
1762169149.4149,235.2500
1762169149.6151,234.2500
1762169149.8160,233.5000
1762169150.0164,232.6250
1762169150.2177,231.8120
1762169150.4184,231.1250
1762169150.6190,230.5000
1762169150.8200,230.1250
1762169151.0200,229.8750
1762169151.2203,229.4370
1762169151.4214,228.9370
1762169151.6224,228.2500
1762169151.8232,227.8750
1762169152.0231,227.5000
1762169152.2238,227.0620
1762169152.4253,226.5000
1762169152.6251,225.8750
1762169152.8260,225.1870
1762169153.0268,224.5620
1762169153.2287,223.9370
1762169153.4284,223.4370
1762169153.6285,222.9370
1762169153.8287,222.2500
1762169154.0299,221.5620
1762169154.2313,220.7500
1762169154.4305,219.8120
1762169154.6317,219.1250
1762169154.8324,218.5620
1762169155.0336,218.0000
1762169155.2343,217.4370
1762169155.4354,216.9370
1762169155.6356,216.3120
1762169155.8359,215.7500
1762169156.0371,215.6250
1762169156.2375,215.1250
1762169156.4375,214.4370
1762169156.6390,213.8120
1762169156.8395,213.1250
1762169157.0392,212.5620
1762169157.2400,212.0000
1762169157.4418,211.6250
1762169157.6436,211.1870
1762169157.8447,210.6250
1762169158.0432,210.1870
1762169158.2440,209.6870
1762169158.4442,209.1250
1762169158.6443,208.5000
1762169158.8444,207.8120
1762169159.0443,207.2500
1762169159.2474,206.5620
1762169159.4479,205.7500
1762169159.6485,205.0620
1762169159.8492,204.3120
1762169160.0493,203.4370
1762169160.2498,202.5620
1762169160.4492,201.5000
1762169160.6493,200.9370
1762169160.8496,200.5620
1762169161.0490,200.0000
1762169161.2495,199.3750
1762169161.4498,198.7500
1762169161.6501,198.1250
1762169161.8508,197.3750
1762169162.0514,196.5620
1762169162.2514,195.7500
1762169162.4520,195.0620
1762169162.6537,194.5000
1762169162.8538,193.7500
1762169163.0545,193.1250
1762169163.2554,192.5000
1762169163.4549,191.8750
1762169163.6563,191.5620
1762169163.8580,191.1870
1762169164.0604,190.7500
1762169164.2614,190.1870
1762169164.4600,189.6250
1762169164.6604,189.0620
1762169164.8606,188.6250
1762169165.0620,188.3120
1762169165.2620,188.0000
1762169165.4624,187.4370
1762169165.6629,186.9370
1762169165.8633,186.4370
1762169166.0650,185.9370
1762169166.2653,185.3750
1762169166.4655,184.5620
1762169166.6678,183.8750
1762169166.8684,183.0620
1762169167.0688,182.3120
1762169167.2682,181.7500
1762169167.4692,181.0620
1762169167.6693,180.5620
1762169167.8704,184.7500
1762169168.0696,194.6250
1762169168.2704,200.6870
1762169168.4711,203.5620
1762169168.6714,202.6870
1762169168.8719,201.6870
1762169169.0712,200.8120
1762169169.2723,199.6870
1762169169.4726,198.5620
1762169169.6726,197.4370
1762169169.8724,196.1250
1762169170.0743,195.1250
1762169170.2746,194.6250
1762169170.4749,194.1250
1762169170.6759,193.5000
1762169170.8746,192.9370
1762169171.0768,192.4370
1762169171.2776,191.9370
1762169171.4782,191.3750
1762169171.6782,190.6250
1762169171.8790,189.9370
1762169172.0793,189.3750
1762169172.2799,189.2500
1762169172.4804,189.2500
1762169172.6812,189.2500
1762169172.8824,189.0000
1762169173.0831,188.9370
1762169173.2838,188.3120
1762169173.4845,187.3750
1762169173.6850,186.5000
1762169173.8855,186.1250
1762169174.0862,185.8750
1762169174.2870,186.2500
1762169174.4874,186.6870
1762169174.6887,186.3750
1762169174.8891,186.2500
1762169175.0898,185.6870
1762169175.2899,184.0620
1762169175.4916,183.0620
1762169175.6925,182.6250
1762169175.8928,182.5000
1762169176.0936,182.0620
1762169176.2934,180.7500
1762169176.4930,179.0620
1762169176.6928,178.9370
1762169176.8935,177.6250
1762169177.1150,176.6250
1762169177.3347,176.7500
1762169177.5462,176.8120
1762169177.7570,176.6870
1762169177.9682,176.2500
1762169178.1704,175.8750
1762169178.3707,175.2500
1762169178.5712,174.0620
1762169178.7715,172.5620
1762169178.9725,171.5620
1762169179.1743,170.8750
1762169179.3748,170.1870
1762169179.5747,169.8120
1762169179.7951,168.8750
1762169180.0296,167.8750
1762169180.2313,166.7500
1762169180.4449,165.8750
1762169180.6480,165.4370
1762169180.8499,165.0620
1762169181.0514,164.3750
1762169181.2695,164.0000
1762169181.4716,162.8750
1762169181.6725,161.3750
1762169181.8732,160.2500
1762169182.0737,158.8120
1762169182.2739,157.8750
1762169182.4749,156.8750
1762169182.6887,156.0620
1762169182.8997,155.2500
1762169183.1103,154.6250
1762169183.3227,154.0000
1762169183.5335,153.1870
1762169183.7361,152.3750
1762169183.9674,151.8750
1762169184.1919,151.6250
1762169184.4238,151.3120
1762169184.6253,150.9370
1762169184.8249,150.1870
1762169185.0259,149.1870
1762169185.2544,148.5620
1762169185.4567,147.7500
1762169185.6572,147.1870
1762169185.8807,147.6250
1762169186.0831,150.3120
1762169186.2837,149.3750
1762169186.4842,148.6870
1762169186.6840,147.8120
1762169186.8858,147.9370
1762169187.0859,148.0000
1762169187.2866,147.7500
1762169187.4875,147.2500
1762169187.6881,145.8750
1762169187.9184,145.0000
1762169188.1315,146.4370
1762169188.3439,153.3120
1762169188.5436,163.3750
1762169188.7600,168.4370
1762169188.9625,167.6870
1762169189.1641,164.6250
1762169189.3640,163.3750
1762169189.5959,162.8120
1762169189.7982,162.2500
1762169189.9980,161.2500
1762169190.1979,160.1250
1762169190.3986,159.1870
1762169190.5999,158.5000
1762169190.7998,157.7500
1762169191.0009,156.6870
1762169191.2026,155.6250
1762169191.4022,154.2500
1762169191.6034,153.1250
1762169191.8041,152.1870
1762169192.0290,151.4370
1762169192.2400,150.6870
1762169192.4520,150.8750
1762169192.6638,150.8750
1762169192.8767,150.3120
1762169193.0888,149.9370
1762169193.2987,149.5620
1762169193.5092,149.1870
1762169193.7216,148.8120
1762169193.9335,148.6870
1762169194.1460,148.6250
1762169194.3583,148.5620
1762169194.5710,148.5620
1762169194.7834,148.7500
1762169194.9947,149.0000
1762169195.2361,149.5000
1762169195.4478,150.3120
1762169195.6498,150.5620
1762169195.8496,150.8120
1762169196.0504,151.6250
1762169196.2489,152.1870
1762169196.4499,152.8120
1762169196.6500,153.5000
1762169196.8699,154.3750
1762169197.0722,154.9370
1762169197.2725,155.1870
1762169197.5076,155.6250
1762169197.7093,156.1250
1762169197.9099,156.6870
1762169198.1106,157.6250
1762169198.3114,158.7500
1762169198.5139,161.2500
1762169198.7148,163.3750
1762169198.9149,164.8750
1762169199.1164,165.6250
1762169199.3556,165.6250
1762169199.5939,166.1250
1762169199.7960,167.1250
1762169199.9966,167.6870
1762169200.1973,167.8120
1762169200.3980,168.1250
1762169200.6397,168.9370
1762169200.8488,169.3750
1762169201.0600,169.5000
1762169201.2727,167.9370
1762169201.4838,168.6250
1762169201.6945,169.2500
1762169201.9065,169.7500
1762169202.1195,170.0620
1762169202.3301,170.3120
1762169202.5430,170.4370
1762169202.7532,170.5000
1762169202.9647,170.6250
1762169203.1748,170.6870
1762169203.3883,170.6870
1762169203.5991,170.4370
1762169203.8109,170.3750
1762169204.0233,170.2500
1762169204.2240,170.1870
1762169204.4349,170.1250
1762169204.6456,170.1250
1762169204.8579,170.1250
1762169205.0966,170.1870
1762169205.3080,170.0620
1762169205.5196,169.7500
1762169205.7307,169.6870
1762169205.9420,169.3750
1762169206.1540,169.0000
1762169206.3660,168.6870
1762169206.5780,168.5000
1762169206.7925,168.3750
1762169207.0019,168.0620
1762169207.2124,167.9370
1762169207.4252,167.6250
1762169207.6466,167.3750
1762169207.8589,167.1250
1762169208.0707,166.8750
1762169208.2816,167.0620
1762169208.4937,167.3120
1762169208.7056,167.4370
1762169208.9173,167.4370
1762169209.1401,167.2500
1762169209.3534,167.1870
1762169209.5628,167.1870
1762169209.7908,167.5000
1762169210.0032,167.6870
1762169210.2132,168.0000
1762169210.4242,168.1250
1762169210.6372,168.1250
1762169210.8492,168.0620
1762169211.0586,168.0620
1762169211.2698,167.6250
1762169211.4813,167.1870
1762169211.6941,166.8750
1762169211.9116,166.5620
1762169212.1236,166.1250
1762169212.3371,165.8120
1762169212.5635,165.2500
1762169212.7753,164.7500
1762169212.9892,164.1870
1762169213.1992,163.5620
1762169213.4105,163.0000
1762169213.6323,162.4370
1762169213.8452,162.0000
1762169214.0578,161.6250
1762169214.2685,161.1870
1762169214.4791,160.7500
1762169214.6930,160.4370
1762169214.9037,160.1870
1762169215.1247,160.0000
1762169215.3363,159.8120
1762169215.5494,159.6870
1762169215.7616,159.4370
1762169215.9729,159.0000
1762169216.1831,158.5620
1762169216.3941,158.1250
1762169216.6065,157.6250
1762169216.8175,157.1250
1762169217.0286,156.5620
1762169217.2432,156.1250
1762169217.4420,155.6870
1762169217.6429,154.9370
1762169217.8432,153.9370
1762169218.0428,152.8750
1762169218.2434,152.1250
1762169218.4432,151.2500
1762169218.6430,150.3120
1762169218.8426,149.3750
1762169219.0431,148.2500
1762169219.2437,146.9370
1762169219.4428,146.1250
1762169219.6433,144.8120
1762169219.8430,143.1250
1762169220.0443,142.0000
1762169220.2475,140.8750
1762169220.4881,139.6870
1762169220.6881,138.8120
1762169220.9260,137.9370
1762169221.1447,137.0620
1762169221.3529,136.2500
1762169221.5647,135.4370
1762169221.7754,134.6250
1762169221.9885,134.0000
1762169222.1970,133.3750
1762169222.4094,132.8750
1762169222.6227,132.7500
1762169222.8342,132.8120
1762169223.0466,132.8120
1762169223.2571,132.8120
1762169223.4702,133.0620
1762169223.6815,133.3750
1762169223.8938,133.7500
1762169224.1050,134.0620
1762169224.3164,134.5620
1762169224.5412,135.1250
1762169224.7662,135.7500
1762169224.9772,136.3120
1762169225.1911,136.9370
1762169225.4005,137.4370
1762169225.6123,137.9370
1762169225.8248,138.1250
1762169226.0360,138.2500
1762169226.2482,138.5000
1762169226.4605,138.8750
1762169226.6723,139.3120
1762169226.8839,139.7500
1762169227.0969,140.2500
1762169227.3092,140.5620
1762169227.5247,140.6250
1762169227.7361,140.6870
1762169227.9481,140.6250
1762169228.1599,140.1250
1762169228.3732,140.1250
1762169228.5850,139.9370
1762169228.7969,139.7500
1762169229.0100,139.3750
1762169229.2222,138.9370
1762169229.4442,138.4370
1762169229.6707,138.0000
1762169229.8819,137.6250
1762169230.0943,137.2500
1762169230.3061,136.7500
1762169230.5185,136.1250
1762169230.7203,135.3120
1762169230.9196,134.5000
1762169231.1254,134.2500
1762169231.3372,133.8750
1762169231.5491,133.4370
1762169231.7610,133.0000
1762169231.9720,132.3750
1762169232.1843,131.8120
1762169232.3923,131.3750
1762169232.6031,131.1250
1762169232.8031,130.8750
1762169233.0155,130.8120
1762169233.2177,130.5620
1762169233.4187,130.1870
1762169233.6196,129.8750
1762169233.8390,129.6870
1762169234.0440,129.6250
1762169234.2540,129.5620
1762169234.4543,129.2500
1762169234.6671,129.0000
1762169234.8783,128.8750
1762169235.0904,128.8750
1762169235.3008,129.1250
1762169235.5131,129.2500
1762169235.7258,129.1250
1762169235.9385,129.0620
1762169236.1493,128.9370
1762169236.3615,128.7500
1762169236.5981,128.6870
1762169236.8398,129.0620
1762169237.0515,129.4370
1762169237.2697,129.7500
1762169237.4830,130.0620
1762169237.6957,130.4370
1762169237.9050,130.9370
1762169238.1161,131.5620
1762169238.3280,131.9370
1762169238.5413,132.5000
1762169238.7597,132.8120
1762169238.9917,133.1870
1762169239.2016,133.4370
1762169239.4146,133.5000
1762169239.6260,133.6870
1762169239.8406,134.0000
1762169240.0524,134.1250
1762169240.2621,134.6250
1762169240.4726,135.0620
1762169240.6848,135.6250
1762169240.8960,136.1250
1762169241.1070,136.6870
1762169241.3180,137.1250
1762169241.5196,137.5620
1762169241.7237,138.0000
1762169241.9369,138.6250
1762169242.1403,139.3750
1762169242.3731,140.3120
1762169242.5749,141.1250
1762169242.7995,141.7500
1762169243.0013,142.5620
1762169243.2011,143.4370
1762169243.4023,144.6250
1762169243.6034,145.3750
1762169243.8038,146.1250
1762169244.0041,146.9370
1762169244.2052,147.6870
1762169244.4042,148.5620
1762169244.6054,149.6870
1762169244.8057,150.5620
1762169245.0054,151.6250
1762169245.2043,152.8120
1762169245.4076,153.6870
1762169245.6086,154.3120
1762169245.8092,154.9370
1762169246.0088,155.8750
1762169246.2086,157.0000
1762169246.4103,157.9370
1762169246.6100,159.0000
1762169246.8110,160.0000
1762169247.0104,160.9370
1762169247.2105,161.8120
1762169247.4106,162.7500
1762169247.6102,163.6250
1762169247.8109,164.6870
1762169248.0111,165.7500
1762169248.2119,166.9370
1762169248.4122,168.3120
1762169248.6118,169.4370
1762169248.8118,170.7500
1762169249.0456,172.3120
1762169249.2894,174.2500
1762169249.4907,176.5000
1762169249.6932,176.8750
1762169249.8923,177.5000
1762169250.0922,178.6250
1762169250.3126,179.3750
1762169250.5144,179.9370
1762169250.7147,180.5620
1762169250.9140,181.3750
1762169251.1149,182.1250
1762169251.3475,182.9370
1762169251.5486,183.5000
1762169251.7601,184.2500
1762169251.9715,184.8750
1762169252.1827,185.4370
1762169252.3934,186.2500
1762169252.6056,187.0000
1762169252.8298,187.1250
1762169253.0320,187.6250
1762169253.2334,188.3120
1762169253.4341,189.2500
1762169253.6344,190.0620
1762169253.8637,190.8120
1762169254.0755,191.4370
1762169254.2894,192.1250
1762169254.4982,192.6250
1762169254.7101,193.0620
1762169254.9212,193.5620
1762169255.1336,193.7500
1762169255.3484,193.8750
1762169255.5624,193.9370
1762169255.7746,192.8120
1762169255.9867,189.4370
1762169256.1984,186.9370
1762169256.4106,185.4370
1762169256.6236,184.2500
1762169256.8357,182.3750
1762169257.0472,181.5620
1762169257.2585,181.3120
1762169257.4716,180.5000
1762169257.6832,180.1250
1762169257.8952,179.4370
1762169258.1084,178.8750
1762169258.3193,178.5000
1762169258.5305,178.1870
1762169258.7445,178.0620
1762169258.9439,177.8750
1762169259.1477,177.7500
1762169259.3502,177.5620
1762169259.5506,177.1250
1762169259.7776,176.6250
1762169259.9895,176.1250
1762169260.2010,175.6870
1762169260.4115,175.1870
1762169260.6232,174.7500
1762169260.8345,174.3750
1762169261.0481,173.8750
1762169261.2579,173.3750
1762169261.4702,172.8120
1762169261.6816,172.3120
1762169261.8940,172.0000
1762169262.1041,171.8120
1762169262.3154,171.2500
1762169262.5171,170.9370
1762169262.7451,170.5000
1762169262.9573,169.8120
1762169263.1686,169.3750
1762169263.3911,169.0000
1762169263.6017,168.5620
1762169263.8038,168.2500
1762169264.0215,168.0620
1762169264.2326,167.8750
1762169264.4445,167.6250
1762169264.6566,167.4370
1762169264.8683,167.1250
1762169265.0791,166.7500
1762169265.2816,166.8120
1762169265.4834,165.8750
1762169265.6843,165.1250
1762169265.8951,164.7500
1762169266.1063,164.5620
1762169266.3185,164.1870
1762169266.5295,164.1250
1762169266.7406,163.9370
1762169266.9526,163.6250
1762169267.1645,163.3120
1762169267.3761,163.5000
1762169267.5875,163.8750
1762169267.7991,164.3120
1762169268.0111,163.6870
1762169268.2232,162.1250
1762169268.4353,161.3750
1762169268.6461,162.4370
1762169268.8580,162.0000
1762169269.0702,160.8750
1762169269.2824,159.7500
1762169269.4969,159.1870
1762169269.7060,159.1870
1762169269.9170,159.7500
1762169270.1293,159.3750
1762169270.3429,157.6870
1762169270.5435,156.6250
1762169270.7442,155.6870
1762169270.9437,154.0620
1762169271.1446,152.3750
1762169271.3451,151.1250
1762169271.5448,149.5000
1762169271.7437,148.3750
1762169271.9447,147.3120
1762169272.1452,145.5620
1762169272.3455,143.7500
1762169272.5465,143.7500
1762169272.7470,143.8120
1762169272.9494,143.8750
1762169273.1487,144.0000
1762169273.3486,144.1870
1762169273.5490,144.3750
1762169273.7494,144.5620
1762169273.9502,144.3120
1762169274.1503,143.5620
1762169274.3505,142.6870
1762169274.5507,141.6250
1762169274.7661,141.1870
1762169274.9685,140.8750
1762169275.1690,140.3750
1762169275.3687,139.7500
1762169275.5682,138.6870
1762169275.7689,137.2500
1762169275.9683,135.7500
1762169276.1690,134.3750
1762169276.3685,133.1870
1762169276.5701,132.1870
1762169276.7709,130.9370
1762169276.9712,129.5000
1762169277.1714,128.1250
1762169277.3720,126.3750
1762169277.5716,125.2500
1762169277.7983,124.9380
1762169278.0326,124.6880
1762169278.2437,124.1880
1762169278.4541,123.6880
1762169278.6661,123.3750
1762169278.8778,123.0000
1762169279.0876,122.5000
1762169279.2982,121.8750
1762169279.5101,121.3130
1762169279.7213,120.8130
1762169279.9324,120.1250
1762169280.1440,119.4380
1762169280.3548,118.8130
1762169280.5738,118.1250
1762169280.7854,117.5000
1762169280.9959,116.6250
1762169281.2076,115.6880
1762169281.4189,115.0000
1762169281.6306,114.2500
1762169281.8352,113.7500
1762169282.0657,113.3130
1762169282.2783,112.9380
1762169282.4918,112.8130
1762169282.7014,112.6880
1762169282.9110,112.1880
1762169283.1233,111.6250
1762169283.3343,111.4380
1762169283.5478,111.2500
1762169283.7582,110.9380
1762169283.9699,110.5630
1762169284.1823,110.1880
1762169284.3950,109.6250
1762169284.6060,109.0630
1762169284.8172,108.6880
1762169285.0262,108.3750
1762169285.2379,108.0000
1762169285.4487,107.8130
1762169285.6606,107.5630
1762169285.8723,107.3130
1762169286.0842,107.1880
1762169286.2957,107.1880
1762169286.5088,107.1880
1762169286.7199,107.3130
1762169286.9325,107.2500
1762169287.1463,107.2500
1762169287.3555,107.5000
1762169287.5938,107.7500
1762169287.8031,107.8130
1762169288.0149,108.0000
1762169288.2264,108.3750
1762169288.4403,108.8130
1762169288.6512,109.5630
1762169288.8606,110.4380
1762169289.0726,111.0630
1762169289.2830,111.8130
1762169289.4963,112.5630
1762169289.7056,113.0630
1762169289.9278,113.2500
1762169290.1396,113.2500
1762169290.3516,113.2500
1762169290.5650,113.3130
1762169290.7762,113.5630
1762169290.9859,114.0000
1762169291.1987,114.4380
1762169291.4104,114.8750
1762169291.6220,115.1250
1762169291.8326,115.3750
1762169292.0406,115.6880
1762169292.2530,116.1250
1762169292.4634,116.5630
1762169292.6747,117.0000
1762169292.8879,117.3750
1762169293.0992,117.6250
1762169293.3085,117.5630
1762169293.5209,117.5630
1762169293.7339,116.9380
1762169293.9452,116.5000
1762169294.1576,116.2500
1762169294.3705,116.2500
1762169294.5810,116.0630
1762169294.7942,115.8750
1762169295.0053,115.7500
1762169295.2200,115.8130
1762169295.4325,115.8130
1762169295.6448,115.9380
1762169295.8544,116.0000
1762169296.0670,116.0630
1762169296.2789,116.0000
1762169296.4937,116.1250
1762169296.7023,116.3130
1762169296.9156,116.2500
1762169297.1276,116.0630
1762169297.3386,116.0000
1762169297.5532,115.8750
1762169297.7637,115.8750
1762169297.9887,115.8750
1762169298.2004,115.8750
1762169298.4098,115.6250
1762169298.6229,115.3130
1762169298.8350,115.0630
1762169299.0471,114.8750
1762169299.2575,114.8130
1762169299.4694,114.4380
1762169299.6809,113.8130
1762169299.8939,113.3130
1762169300.1033,113.0000
1762169300.3147,112.6250
1762169300.5283,112.1880
1762169300.7398,112.1250
1762169300.9500,112.1250
1762169301.1616,112.1880
1762169301.3738,112.3750
1762169301.5857,112.7500
1762169301.7964,113.0630
1762169302.0075,113.4380
1762169302.2195,113.8750
1762169302.4305,114.5000
1762169302.6443,115.1250
1762169302.8440,116.3130
1762169303.0447,117.3750
1762169303.2447,118.5000
1762169303.4446,119.7500
1762169303.6450,121.1880
1762169303.8462,122.2500
1762169304.0482,123.5000
1762169304.2718,124.6250
1762169304.4732,125.4380
1762169304.6736,126.1250
1762169304.8745,126.6880
1762169305.0759,127.2500
1762169305.2755,128.1250
1762169305.4758,129.2500
1762169305.6775,130.5000
1762169305.8774,131.5620
1762169306.1122,132.6250
1762169306.3147,133.7500
1762169306.5152,134.5000
1762169306.7158,135.0620
1762169306.9162,135.6870
1762169307.1163,136.4370
1762169307.3166,137.4370
1762169307.5165,138.7500
1762169307.7173,139.8750
1762169307.9177,140.8750
1762169308.1463,141.7500
1762169308.3476,143.2500
1762169308.5474,144.3750
1762169308.7474,145.3120
1762169308.9693,146.6250
1762169309.1721,147.5000
1762169309.3728,148.3120
1762169309.5732,149.5620
1762169309.7765,150.3120
1762169309.9797,151.1870
1762169310.1810,152.1870
1762169310.4123,153.3120
1762169310.6482,154.5620
1762169310.8503,155.8750
1762169311.0513,156.8750
1762169311.2525,158.0000
1762169311.4544,158.9370
1762169311.6548,160.1250
1762169311.8581,161.1250
1762169312.0594,162.0000
1762169312.2970,162.8750
1762169312.4997,163.7500
1762169312.6995,164.3750
1762169312.8997,164.7500
1762169313.1017,165.2500
1762169313.3021,165.6870
1762169313.5031,166.2500
1762169313.7040,166.7500
1762169313.9432,167.2500
1762169314.1452,167.7500
1762169314.3436,168.5620
1762169314.5468,169.6250
1762169314.7471,170.5000
1762169314.9470,171.1870
1762169315.1495,171.9370
1762169315.3489,172.3750
1762169315.5515,173.0000
1762169315.7641,173.5620
1762169315.9663,174.1870
1762169316.1676,175.1250
1762169316.3671,175.8750
1762169316.5681,176.9370
1762169316.7699,178.1870
1762169316.9949,179.5620
1762169317.1920,180.6870
1762169317.3916,181.8120
1762169317.5942,182.6870
1762169317.7953,182.6250
1762169317.9953,178.7500
1762169318.2185,173.1250
1762169318.4302,166.8750
1762169318.6318,156.8750
1762169318.8331,150.0000
1762169319.0468,143.6870
1762169319.2560,137.8120
1762169319.4681,131.6250
1762169319.6792,126.1250
1762169319.8941,126.5630
1762169320.1042,127.0000
1762169320.3166,127.2500
1762169320.5282,127.5630
1762169320.7401,127.9380
1762169320.9802,128.6250
1762169321.1829,129.5620
1762169321.3838,129.1870
1762169321.5857,127.1250
1762169321.7867,125.8130
1762169321.9877,125.3130
1762169322.1872,124.2500
1762169322.3869,124.3750
1762169322.5880,126.3750
1762169322.7879,128.1250
1762169322.9891,129.1870
1762169323.2233,128.7500
1762169323.4344,123.9380
1762169323.6459,116.1880
1762169323.8745,104.4380
1762169324.0851,97.0630
1762169324.2956,93.5000
1762169324.5084,90.0000
1762169324.7204,87.5630
1762169324.9312,89.8130
1762169325.1429,94.1250
1762169325.3549,96.0000
1762169325.5677,96.3130
1762169325.7786,97.3750
1762169325.9932,102.0630
1762169326.1919,113.6880
1762169326.3935,123.3750
1762169326.5933,128.8750
1762169326.7932,129.3120
1762169326.9944,127.8750
1762169327.1939,127.3750
1762169327.3935,126.9380
1762169327.5973,126.8750
1762169327.7991,126.8750
1762169327.9996,126.6880
1762169328.2018,126.6880
1762169328.4015,126.8750
1762169328.6017,126.9380
1762169328.8013,126.9380
1762169329.0015,126.9380
1762169329.2035,126.5630
1762169329.4047,126.3750
1762169329.6055,126.1880
1762169329.8056,125.7500
1762169330.0064,125.5000
1762169330.2076,125.5630
1762169330.4079,125.5630
1762169330.6080,125.5630
1762169330.8083,125.5630
1762169331.0097,125.5630
1762169331.2107,125.5630
1762169331.4110,125.3130
1762169331.6118,125.1250
1762169331.8128,124.9380
1762169332.0132,124.6250
1762169332.2143,124.3130
1762169332.4146,124.0630
1762169332.6148,123.8750
1762169332.8151,123.9380
1762169333.0169,123.9380
1762169333.2178,123.9380
1762169333.4172,123.9380
1762169333.6180,123.8750
